news_id,title,text,source,url,canonical_url,published_at,country,language,label,label_source,verification_url,verification_reason,content_hash,semantic_cluster_id,syndication_group_id,dataset_version,data_origin,url_status,verification_status,headline_normalized,summary,topic,word_count,char_count,reading_time_sec,keywords
BO-F-0001,Invierten Bs 15.000 para difundir un video falso que indica que la DEA investiga a Jorge Tuto Quiroga,Invierten Bs 15.000 para difundir un video falso que indica que la DEA investiga a Jorge Tuto Quiroga. La publicación está incluida en la sección Falso de Bolivia Verifica; la URL conservada corresponde al índice recuperado que muestra el título y la fecha.,Bolivia Verifica,https://boliviaverifica.bo/es-falso-que-el-gobierno-anuncio-un-bono-universal-de-bs-1000/,https://boliviaverifica.bo/es-falso-que-el-gobierno-anuncio-un-bono-universal-de-bs-1000/,2025-05-28,Bolivia,es,FAKE,Bolivia Verifica,https://boliviaverifica.bo/category/falso/page/2/,La publicación está incluida en la sección Falso de Bolivia Verifica; la URL conservada corresponde al índice recuperado que muestra el título y la fecha.,3ed34f8ecbb7b0fe004695aa99b6b9b6081dd7becbd96cd6af442e4cdab87e5a,BV-F-0001,SG-F-0001,v1.0,verified,unresolved,resolved,invierten bs 15 000 para difundir un video falso que indica que la dea investiga a jorge tuto quiroga,Invierten Bs 15.000 para difundir un video falso que indica que la DEA investiga a Jorge Tuto Quiroga. La publicación está incluida en la sección Falso de Bolivia Verifica; la URL conservada corresponde al índice recuperado que muestra...,tecnologia,43,257,13,Invierten;000;difundir;video;indica;DEA;investiga;Jorge
BO-F-0002,Alteran video de Juan Pablo Velasco para atribuirle expresiones discriminatorias,Alteran video de Juan Pablo Velasco para atribuirle expresiones discriminatorias. La publicación está incluida en la sección Falso de Bolivia Verifica; la URL conservada corresponde al índice recuperado que muestra el título y la fecha.,Bolivia Verifica,https://chequeabolivia.bo/es-falso-que-unitel-publico-una-encuesta-electoral-con-esos-resultados/,https://chequeabolivia.bo/es-falso-que-unitel-publico-una-encuesta-electoral-con-esos-resultados/,2025-05-30,Bolivia,es,FAKE,Bolivia Verifica,https://boliviaverifica.bo/category/falso/page/2/,La publicación está incluida en la sección Falso de Bolivia Verifica; la URL conservada corresponde al índice recuperado que muestra el título y la fecha.,e9155731a34baf3dca0b9e9a6f785213192110dd2df6ed078c36131783389bdf,BV-F-0002,SG-F-0002,v1.0,verified,unresolved,resolved,alteran video de juan pablo velasco para atribuirle expresiones discriminatorias,Alteran video de Juan Pablo Velasco para atribuirle expresiones discriminatorias. La publicación está incluida en la sección Falso de Bolivia Verifica; la URL conservada corresponde al índice recuperado que muestra el título y la fecha.,tecnologia,35,236,10,Alteran;video;Juan;Pablo;Velasco;atribuirle;expresiones;discriminatorias
BO-F-0003,La foto que muestra a Jorge Tuto Quiroga junto a Jeffrey Epstein es un montaje,La foto que muestra a Jorge Tuto Quiroga junto a Jeffrey Epstein es un montaje. La publicación está incluida en la sección Falso de Bolivia Verifica; la URL conservada corresponde al índice recuperado que muestra el título y la fecha.,Bolivia Verifica,https://boliviaverifica.bo/es-falso-que-ypfb-anuncio-el-cierre-definitivo-de-estaciones-de-servicio/,https://boliviaverifica.bo/es-falso-que-ypfb-anuncio-el-cierre-definitivo-de-estaciones-de-servicio/,2025-06-02,Bolivia,es,FAKE,Bolivia Verifica,https://boliviaverifica.bo/category/falso/page/2/,La publicación está incluida en la sección Falso de Bolivia Verifica; la URL conservada corresponde al índice recuperado que muestra el título y la fecha.,0553ba15e6e9f193e47cd62f5ccb54835dbd7b45b57708a83c32569804606d2f,BV-F-0003,SG-F-0003,v1.0,verified,unresolved,resolved,la foto que muestra a jorge tuto quiroga junto a jeffrey epstein es un montaje,La foto que muestra a Jorge Tuto Quiroga junto a Jeffrey Epstein es un montaje. La publicación está incluida en la sección Falso de Bolivia Verifica; la URL conservada corresponde al índice recuperado que muestra el título y la fecha.,tecnologia,40,234,12,foto;muestra;Jorge;Tuto;Quiroga;junto;Jeffrey;Epstein
BO-F-0004,Encuesta en Facebook que promueve el voto nulo no esta autorizada ni regulada por el TSE,Encuesta en Facebook que promueve el voto nulo no esta autorizada ni regulada por el TSE. La publicación está incluida en la sección Falso de Bolivia Verifica; la URL conservada corresponde al índice recuperado que muestra el título y la fecha.,Bolivia Verifica,https://chequeabolivia.bo/es-falso-que-el-tse-suspendio-las-elecciones-municipales/,https://chequeabolivia.bo/es-falso-que-el-tse-suspendio-las-elecciones-municipales/,2025-06-03,Bolivia,es,FAKE,Bolivia Verifica,https://boliviaverifica.bo/category/falso/page/2/,La publicación está incluida en la sección Falso de Bolivia Verifica; la URL conservada corresponde al índice recuperado que muestra el título y la fecha.,0df87f115fab392d0be1cc87d34a1c47e480bcc0319c0e6957b4f542d4e46d3a,BV-F-0004,SG-F-0004,v1.0,verified,unresolved,resolved,encuesta en facebook que promueve el voto nulo no esta autorizada ni regulada por el tse,Encuesta en Facebook que promueve el voto nulo no esta autorizada ni regulada por el TSE. La publicación está incluida en la sección Falso de Bolivia Verifica; la URL conservada corresponde al índice recuperado que muestra el título y...,tecnologia,41,244,12,Encuesta;Facebook;promueve;voto;nulo;autorizada;regulada;TSE
BO-F-0005,Últimas encuestas oficiales no dejan fuera de competencia a Jorge Tuto Quiroga,Últimas encuestas oficiales no dejan fuera de competencia a Jorge Tuto Quiroga. La publicación está incluida en la sección Falso de Bolivia Verifica; la URL conservada corresponde al índice recuperado que muestra el título y la fecha.,Bolivia Verifica,https://boliviaverifica.bo/es-falso-que-una-imagen-muestra-combustible-gratuito-en-santa-cruz/,https://boliviaverifica.bo/es-falso-que-una-imagen-muestra-combustible-gratuito-en-santa-cruz/,2025-06-04,Bolivia,es,FAKE,Bolivia Verifica,https://boliviaverifica.bo/category/falso/page/2/,La publicación está incluida en la sección Falso de Bolivia Verifica; la URL conservada corresponde al índice recuperado que muestra el título y la fecha.,cc401ef0e01fab5bd850548275d51770977a28f389c236e11ae192f7c7dd6063,BV-F-0005,SG-F-0005,v1.0,verified,unresolved,resolved,ultimas encuestas oficiales no dejan fuera de competencia a jorge tuto quiroga,Últimas encuestas oficiales no dejan fuera de competencia a Jorge Tuto Quiroga. La publicación está incluida en la sección Falso de Bolivia Verifica; la URL conservada corresponde al índice recuperado que muestra el título y la fecha.,tecnologia,37,234,11,Últimas;encuestas;oficiales;dejan;fuera;competencia;Jorge;Tuto
BO-F-0006,Elecciones: video que alerta sobre un lapicero que se borra con fuego es de México,Elecciones: video que alerta sobre un lapicero que se borra con fuego es de México. La publicación está incluida en la sección Falso de Bolivia Verifica; la URL conservada corresponde al índice recuperado que muestra el título y la fecha.,Bolivia Verifica,https://boliviaverifica.bo/category/falso/page/2/,https://boliviaverifica.bo/category/falso/page/2/,2025-07-29,Bolivia,es,FAKE,Bolivia Verifica,https://boliviaverifica.bo/category/falso/page/2/,La publicación está incluida en la sección Falso de Bolivia Verifica; la URL conservada corresponde al índice recuperado que muestra el título y la fecha.,974ef6611fb90fc8445785e7269cf78c131e0d3c6648f546e6798eda9c4523ca,BV-F-0006,SG-F-0006,v1.0,verified,unresolved,resolved,elecciones video que alerta sobre un lapicero que se borra con fuego es de mexico,Elecciones: video que alerta sobre un lapicero que se borra con fuego es de México. La publicación está incluida en la sección Falso de Bolivia Verifica; la URL conservada corresponde al índice recuperado que muestra el título y la fecha.,tecnologia,40,238,12,Elecciones;video;alerta;lapicero;borra;fuego;México;tecnologia
BO-F-0007,Doria Medina y Reyes Villa dieron 2 datos incorrectos sobre el litio chileno en el debate presidencial de Unitel,Doria Medina y Reyes Villa dieron 2 datos incorrectos sobre el litio chileno en el debate presidencial de Unitel. La publicación está incluida en la sección Falso de Bolivia Verifica; la URL conservada corresponde al índice recuperado que muestra el título y la fecha.,Bolivia Verifica,https://boliviaverifica.bo/category/falso/page/2/,https://boliviaverifica.bo/category/falso/page/2/,2025-07-28,Bolivia,es,FAKE,Bolivia Verifica,https://boliviaverifica.bo/category/falso/page/2/,La publicación está incluida en la sección Falso de Bolivia Verifica; la URL conservada corresponde al índice recuperado que muestra el título y la fecha.,cc78f8a3b46c3857a4cde1f18bb006aff4bef13de49f7f86fc581d3db5fbbf73,BV-F-0007,SG-F-0007,v1.0,verified,unresolved,resolved,doria medina y reyes villa dieron 2 datos incorrectos sobre el litio chileno en el debate presidencial de unitel,Doria Medina y Reyes Villa dieron 2 datos incorrectos sobre el litio chileno en el debate presidencial de Unitel. La publicación está incluida en la sección Falso de Bolivia Verifica; la URL conservada corresponde al índice recuperado...,tecnologia,44,268,13,Doria;Medina;Reyes;Villa;dieron;datos;incorrectos;litio
BO-F-0008,CNN no publicó encuesta que pone a Manfred y Andrónico como favoritos,CNN no publicó encuesta que pone a Manfred y Andrónico como favoritos. La publicación está incluida en la sección Falso de Bolivia Verifica; la URL conservada corresponde al índice recuperado que muestra el título y la fecha.,Bolivia Verifica,https://boliviaverifica.bo/category/falso/page/2/,https://boliviaverifica.bo/category/falso/page/2/,2025-07-28,Bolivia,es,FAKE,Bolivia Verifica,https://boliviaverifica.bo/category/falso/page/2/,La publicación está incluida en la sección Falso de Bolivia Verifica; la URL conservada corresponde al índice recuperado que muestra el título y la fecha.,ca8dd4ad68d01bdf1ae5d2ea3edd48da030b409a590959d18ac0b80672e0ecc9,BV-F-0008,SG-F-0008,v1.0,verified,unresolved,resolved,cnn no publico encuesta que pone a manfred y andronico como favoritos,CNN no publicó encuesta que pone a Manfred y Andrónico como favoritos. La publicación está incluida en la sección Falso de Bolivia Verifica; la URL conservada corresponde al índice recuperado que muestra el título y la fecha.,tecnologia,37,225,11,CNN;publicó;encuesta;pone;Manfred;Andrónico;favoritos;tecnologia
BO-F-0009,Radio Kawsachun Coca vuelve a difundir encuestas falsas,Radio Kawsachun Coca vuelve a difundir encuestas falsas. La publicación está incluida en la sección Falso de Bolivia Verifica; la URL conservada corresponde al índice recuperado que muestra el título y la fecha.,Bolivia Verifica,https://boliviaverifica.bo/category/falso/page/2/,https://boliviaverifica.bo/category/falso/page/2/,2025-07-28,Bolivia,es,FAKE,Bolivia Verifica,https://boliviaverifica.bo/category/falso/page/2/,La publicación está incluida en la sección Falso de Bolivia Verifica; la URL conservada corresponde al índice recuperado que muestra el título y la fecha.,54987b69c29e63905439521d3cc24861b9ccdcc31e5e1c43bcd5c7193530bc44,BV-F-0009,SG-F-0009,v1.0,verified,unresolved,resolved,radio kawsachun coca vuelve a difundir encuestas falsas,Radio Kawsachun Coca vuelve a difundir encuestas falsas. La publicación está incluida en la sección Falso de Bolivia Verifica; la URL conservada corresponde al índice recuperado que muestra el título y la fecha.,tecnologia,33,211,10,Radio;Kawsachun;Coca;vuelve;difundir;encuestas;falsas;tecnologia
BO-F-0010,Es falso el comunicado que anuncia sanciones del Gobierno contra sectores movilizados,Es falso el comunicado que anuncia sanciones del Gobierno contra sectores movilizados. La publicación está incluida en la sección Falso de Bolivia Verifica; la URL conservada corresponde al índice recuperado que muestra el título y la fecha.,Bolivia Verifica,https://boliviaverifica.bo/category/falso/page/3/,https://boliviaverifica.bo/category/falso/page/3/,2026-05-19,Bolivia,es,FAKE,Bolivia Verifica,https://boliviaverifica.bo/category/falso/page/3/,La publicación está incluida en la sección Falso de Bolivia Verifica; la URL conservada corresponde al índice recuperado que muestra el título y la fecha.,d0d9f0b6a6475e0a9913392a45247327852fc9e9bd89ebfc782c6ffe825dea04,BV-F-0010,SG-F-0010,v1.0,verified,unresolved,resolved,es falso el comunicado que anuncia sanciones del gobierno contra sectores movilizados,Es falso el comunicado que anuncia sanciones del Gobierno contra sectores movilizados. La publicación está incluida en la sección Falso de Bolivia Verifica; la URL conservada corresponde al índice recuperado que muestra el título y la...,tecnologia,37,241,11,comunicado;anuncia;sanciones;Gobierno;contra;sectores;movilizados;tecnologia
BO-F-0011,Video de un taparaku en el Palacio de Gobierno fue creado con IA,Video de un taparaku en el Palacio de Gobierno fue creado con IA. La publicación está incluida en la sección Falso de Bolivia Verifica; la URL conservada corresponde al índice recuperado que muestra el título y la fecha.,Bolivia Verifica,https://boliviaverifica.bo/category/falso/page/3/,https://boliviaverifica.bo/category/falso/page/3/,2026-05-19,Bolivia,es,FAKE,Bolivia Verifica,https://boliviaverifica.bo/category/falso/page/3/,La publicación está incluida en la sección Falso de Bolivia Verifica; la URL conservada corresponde al índice recuperado que muestra el título y la fecha.,b415198c542bfb9c69faef95244109eb6a2580fd24d88728afc343fa342e3c46,BV-F-0011,SG-F-0011,v1.0,verified,unresolved,resolved,video de un taparaku en el palacio de gobierno fue creado con ia,Video de un taparaku en el Palacio de Gobierno fue creado con IA. La publicación está incluida en la sección Falso de Bolivia Verifica; la URL conservada corresponde al índice recuperado que muestra el título y la fecha.,tecnologia,38,220,11,Video;taparaku;Palacio;Gobierno;fue;creado;tecnologia;Bolivia Verifica
BO-F-0012,Es falso que José Luis Lupo dijo que renunciará si se masifican los bloqueos,Es falso que José Luis Lupo dijo que renunciará si se masifican los bloqueos. La publicación está incluida en la sección Falso de Bolivia Verifica; la URL conservada corresponde al índice recuperado que muestra el título y la fecha.,Bolivia Verifica,https://boliviaverifica.bo/category/falso/page/3/,https://boliviaverifica.bo/category/falso/page/3/,2026-05-19,Bolivia,es,FAKE,Bolivia Verifica,https://boliviaverifica.bo/category/falso/page/3/,La publicación está incluida en la sección Falso de Bolivia Verifica; la URL conservada corresponde al índice recuperado que muestra el título y la fecha.,4459d602d09bf0ea73d2887ef89dacb42e9d1b1206a4bcb4be7418d2adee7bb5,BV-F-0012,SG-F-0012,v1.0,verified,unresolved,resolved,es falso que jose luis lupo dijo que renunciara si se masifican los bloqueos,Es falso que José Luis Lupo dijo que renunciará si se masifican los bloqueos. La publicación está incluida en la sección Falso de Bolivia Verifica; la URL conservada corresponde al índice recuperado que muestra el título y la fecha.,tecnologia,39,232,12,José;Luis;Lupo;dijo;renunciará;masifican;bloqueos;tecnologia
BO-F-0013,Falso: Stello Cochamanidis no pidió la renuncia de Rodrigo Paz,Falso: Stello Cochamanidis no pidió la renuncia de Rodrigo Paz. La publicación está incluida en la sección Falso de Bolivia Verifica; la URL conservada corresponde al índice recuperado que muestra el título y la fecha.,Bolivia Verifica,https://boliviaverifica.bo/category/falso/page/3/,https://boliviaverifica.bo/category/falso/page/3/,2026-05-19,Bolivia,es,FAKE,Bolivia Verifica,https://boliviaverifica.bo/category/falso/page/3/,La publicación está incluida en la sección Falso de Bolivia Verifica; la URL conservada corresponde al índice recuperado que muestra el título y la fecha.,5023d520ab414ae5f90731251cc90eca5334e2279c8e65e8dc7e19bb85d9749e,BV-F-0013,SG-F-0013,v1.0,verified,unresolved,resolved,falso stello cochamanidis no pidio la renuncia de rodrigo paz,Falso: Stello Cochamanidis no pidió la renuncia de Rodrigo Paz. La publicación está incluida en la sección Falso de Bolivia Verifica; la URL conservada corresponde al índice recuperado que muestra el título y la fecha.,tecnologia,35,218,10,Stello;Cochamanidis;pidió;renuncia;Rodrigo;Paz;tecnologia;Bolivia Verifica
BO-F-0014,Audio de diálogo filtrado entre Evo Morales y Edmand Lara fue creado por IA,Audio de diálogo filtrado entre Evo Morales y Edmand Lara fue creado por IA. La publicación está incluida en la sección Falso de Bolivia Verifica; la URL conservada corresponde al índice recuperado que muestra el título y la fecha.,Bolivia Verifica,https://boliviaverifica.bo/category/falso/page/3/,https://boliviaverifica.bo/category/falso/page/3/,2026-05-18,Bolivia,es,FAKE,Bolivia Verifica,https://boliviaverifica.bo/category/falso/page/3/,La publicación está incluida en la sección Falso de Bolivia Verifica; la URL conservada corresponde al índice recuperado que muestra el título y la fecha.,21d5da2416639f8b6b4a463403863eb766601414c0ee930a6bfbac2816ec02c7,BV-F-0014,SG-F-0014,v1.0,verified,unresolved,resolved,audio de dialogo filtrado entre evo morales y edmand lara fue creado por ia,Audio de diálogo filtrado entre Evo Morales y Edmand Lara fue creado por IA. La publicación está incluida en la sección Falso de Bolivia Verifica; la URL conservada corresponde al índice recuperado que muestra el título y la fecha.,tecnologia,39,231,12,Audio;diálogo;filtrado;entre;Evo;Morales;Edmand;Lara
BO-F-0015,Desinformación: Rubén Callisaya no murió en los conflictos recientes,Desinformación: Rubén Callisaya no murió en los conflictos recientes. La publicación está incluida en la sección Falso de Bolivia Verifica; la URL conservada corresponde al índice recuperado que muestra el título y la fecha.,Bolivia Verifica,https://boliviaverifica.bo/category/falso/page/3/,https://boliviaverifica.bo/category/falso/page/3/,2026-05-18,Bolivia,es,FAKE,Bolivia Verifica,https://boliviaverifica.bo/category/falso/page/3/,La publicación está incluida en la sección Falso de Bolivia Verifica; la URL conservada corresponde al índice recuperado que muestra el título y la fecha.,9270242fb1656de620217b465d052862982cfee2caf6c8a74317618ebdf1ec9e,BV-F-0015,SG-F-0015,v1.0,verified,unresolved,resolved,desinformacion ruben callisaya no murio en los conflictos recientes,Desinformación: Rubén Callisaya no murió en los conflictos recientes. La publicación está incluida en la sección Falso de Bolivia Verifica; la URL conservada corresponde al índice recuperado que muestra el título y la fecha.,tecnologia,34,224,10,Desinformación;Rubén;Callisaya;murió;conflictos;recientes;tecnologia;Bolivia Verifica
BO-F-0016,Falso: El comandante de la Policía no pidió la renuncia del presidente Rodrigo Paz,Falso: El comandante de la Policía no pidió la renuncia del presidente Rodrigo Paz. La publicación está incluida en la sección Falso de Bolivia Verifica; la URL conservada corresponde al índice recuperado que muestra el título y la fecha.,Bolivia Verifica,https://boliviaverifica.bo/category/falso/page/3/,https://boliviaverifica.bo/category/falso/page/3/,2026-05-18,Bolivia,es,FAKE,Bolivia Verifica,https://boliviaverifica.bo/category/falso/page/3/,La publicación está incluida en la sección Falso de Bolivia Verifica; la URL conservada corresponde al índice recuperado que muestra el título y la fecha.,b564699dbde24616f3934b508e5e4929c191af9b33e08af781287b93c7ff05d3,BV-F-0016,SG-F-0016,v1.0,verified,unresolved,resolved,falso el comandante de la policia no pidio la renuncia del presidente rodrigo paz,Falso: El comandante de la Policía no pidió la renuncia del presidente Rodrigo Paz. La publicación está incluida en la sección Falso de Bolivia Verifica; la URL conservada corresponde al índice recuperado que muestra el título y la fecha.,tecnologia,39,238,12,comandante;Policía;pidió;renuncia;presidente;Rodrigo;Paz;tecnologia
BO-F-0017,"Gobierno no otorgó combustible subvencionado, explosivos “ilimitados” y un “perdonazo” a cooperativistas mineros","Gobierno no otorgó combustible subvencionado, explosivos “ilimitados” y un “perdonazo” a cooperativistas mineros. La publicación está incluida en la sección Falso de Bolivia Verifica; la URL conservada corresponde al índice recuperado que muestra el título y la fecha.",Bolivia Verifica,https://boliviaverifica.bo/category/falso/page/3/,https://boliviaverifica.bo/category/falso/page/3/,2026-05-17,Bolivia,es,FAKE,Bolivia Verifica,https://boliviaverifica.bo/category/falso/page/3/,La publicación está incluida en la sección Falso de Bolivia Verifica; la URL conservada corresponde al índice recuperado que muestra el título y la fecha.,41e6b474982237729f0560d41408a39d47a6bbe7dd98cf7eb2ecde700ba92384,BV-F-0017,SG-F-0017,v1.0,verified,unresolved,resolved,gobierno no otorgo combustible subvencionado explosivos ilimitados y un perdonazo a cooperativistas mineros,"Gobierno no otorgó combustible subvencionado, explosivos “ilimitados” y un “perdonazo” a cooperativistas mineros. La publicación está incluida en la sección Falso de Bolivia Verifica; la URL conservada corresponde al índice recuperado...",tecnologia,38,268,11,Gobierno;otorgó;combustible;subvencionado;explosivos;ilimitados;perdonazo;cooperativistas
BO-F-0018,Es falso el comunicado atribuido al Comité pro Santa Cruz que llama a usar “fuerza bruta” frente a protestas,Es falso el comunicado atribuido al Comité pro Santa Cruz que llama a usar “fuerza bruta” frente a protestas. La publicación está incluida en la sección Falso de Bolivia Verifica; la URL conservada corresponde al índice recuperado que muestra el título y la fecha.,Bolivia Verifica,https://boliviaverifica.bo/category/falso/page/3/,https://boliviaverifica.bo/category/falso/page/3/,2026-05-17,Bolivia,es,FAKE,Bolivia Verifica,https://boliviaverifica.bo/category/falso/page/3/,La publicación está incluida en la sección Falso de Bolivia Verifica; la URL conservada corresponde al índice recuperado que muestra el título y la fecha.,373ec3551cf8e7f359342a6d510d317ae51f5222d3c7e048fb8c1a5ec459fb47,BV-F-0018,SG-F-0018,v1.0,verified,unresolved,resolved,es falso el comunicado atribuido al comite pro santa cruz que llama a usar fuerza bruta frente a protestas,Es falso el comunicado atribuido al Comité pro Santa Cruz que llama a usar “fuerza bruta” frente a protestas. La publicación está incluida en la sección Falso de Bolivia Verifica; la URL conservada corresponde al índice recuperado que...,tecnologia,44,264,13,comunicado;atribuido;Comité;pro;Santa;Cruz;llama;usar
BO-F-0019,Presidente Paz no se tomó una foto con la camiseta de la selección española,Presidente Paz no se tomó una foto con la camiseta de la selección española. La publicación está incluida en la sección Falso de Bolivia Verifica; la URL conservada corresponde al índice recuperado que muestra el título y la fecha.,Bolivia Verifica,https://boliviaverifica.bo/category/falso/page/4/,https://boliviaverifica.bo/category/falso/page/4/,2026-07-17,Bolivia,es,FAKE,Bolivia Verifica,https://boliviaverifica.bo/category/falso/page/4/,La publicación está incluida en la sección Falso de Bolivia Verifica; la URL conservada corresponde al índice recuperado que muestra el título y la fecha.,b65316e26432108a9295ed0f9baf0386391bcbaa25be7eaedfd130e6cbcc1d4d,BV-F-0019,SG-F-0019,v1.0,verified,unresolved,resolved,presidente paz no se tomo una foto con la camiseta de la seleccion espanola,Presidente Paz no se tomó una foto con la camiseta de la selección española. La publicación está incluida en la sección Falso de Bolivia Verifica; la URL conservada corresponde al índice recuperado que muestra el título y la fecha.,deportes,39,231,12,Presidente;Paz;tomó;foto;camiseta;selección;española;deportes
BO-F-0020,Imagen creada con IA: no nevó en Oruro mientras los choferes hacían fila,Imagen creada con IA: no nevó en Oruro mientras los choferes hacían fila. La publicación está incluida en la sección Falso de Bolivia Verifica; la URL conservada corresponde al índice recuperado que muestra el título y la fecha.,Bolivia Verifica,https://boliviaverifica.bo/category/falso/page/4/,https://boliviaverifica.bo/category/falso/page/4/,2026-07-17,Bolivia,es,FAKE,Bolivia Verifica,https://boliviaverifica.bo/category/falso/page/4/,La publicación está incluida en la sección Falso de Bolivia Verifica; la URL conservada corresponde al índice recuperado que muestra el título y la fecha.,ede46bc641156907df63da738b2380787c0e128c69af63e515bf01ff85cbae65,BV-F-0020,SG-F-0020,v1.0,verified,unresolved,resolved,imagen creada con ia no nevo en oruro mientras los choferes hacian fila,Imagen creada con IA: no nevó en Oruro mientras los choferes hacían fila. La publicación está incluida en la sección Falso de Bolivia Verifica; la URL conservada corresponde al índice recuperado que muestra el título y la fecha.,tecnologia,38,228,11,Imagen;creada;nevó;Oruro;mientras;choferes;hacían;fila
BO-F-0021,Estos vehículos no están esperando su legalización en Bolivia,Estos vehículos no están esperando su legalización en Bolivia. La publicación está incluida en la sección Falso de Bolivia Verifica; la URL conservada corresponde al índice recuperado que muestra el título y la fecha.,Bolivia Verifica,https://boliviaverifica.bo/category/falso/page/4/,https://boliviaverifica.bo/category/falso/page/4/,2026-07-15,Bolivia,es,FAKE,Bolivia Verifica,https://boliviaverifica.bo/category/falso/page/4/,La publicación está incluida en la sección Falso de Bolivia Verifica; la URL conservada corresponde al índice recuperado que muestra el título y la fecha.,41ef7f7654954fe50cc0a47a453b579aa8ad3a0a9f0620a5e1fda73e97f54271,BV-F-0021,SG-F-0021,v1.0,verified,unresolved,resolved,estos vehiculos no estan esperando su legalizacion en bolivia,Estos vehículos no están esperando su legalización en Bolivia. La publicación está incluida en la sección Falso de Bolivia Verifica; la URL conservada corresponde al índice recuperado que muestra el título y la fecha.,tecnologia,34,217,10,Estos;vehículos;están;esperando;legalización;tecnologia;Bolivia Verifica
BO-F-0022,Cerimedo no fue declarado como prófugo ni se encontró dinero en su domicilio,Cerimedo no fue declarado como prófugo ni se encontró dinero en su domicilio. La publicación está incluida en la sección Falso de Bolivia Verifica; la URL conservada corresponde al índice recuperado que muestra el título y la fecha.,Bolivia Verifica,https://boliviaverifica.bo/category/falso/page/4/,https://boliviaverifica.bo/category/falso/page/4/,2026-07-14,Bolivia,es,FAKE,Bolivia Verifica,https://boliviaverifica.bo/category/falso/page/4/,La publicación está incluida en la sección Falso de Bolivia Verifica; la URL conservada corresponde al índice recuperado que muestra el título y la fecha.,1d0dd638b71a36f5fa6179b5744ead84a753ef2851c5d3d83931a034d9508e6c,BV-F-0022,SG-F-0022,v1.0,verified,unresolved,resolved,cerimedo no fue declarado como profugo ni se encontro dinero en su domicilio,Cerimedo no fue declarado como prófugo ni se encontró dinero en su domicilio. La publicación está incluida en la sección Falso de Bolivia Verifica; la URL conservada corresponde al índice recuperado que muestra el título y la fecha.,tecnologia,38,232,11,Cerimedo;fue;declarado;prófugo;encontró;dinero;domicilio;tecnologia
BO-F-0023,¡Es IA! Este tributo a Cristiano Ronaldo no ocurrió en realidad,¡Es IA! Este tributo a Cristiano Ronaldo no ocurrió en realidad. La publicación está incluida en la sección Falso de Bolivia Verifica; la URL conservada corresponde al índice recuperado que muestra el título y la fecha.,Bolivia Verifica,https://boliviaverifica.bo/category/falso/page/4/,https://boliviaverifica.bo/category/falso/page/4/,2026-07-12,Bolivia,es,FAKE,Bolivia Verifica,https://boliviaverifica.bo/category/falso/page/4/,La publicación está incluida en la sección Falso de Bolivia Verifica; la URL conservada corresponde al índice recuperado que muestra el título y la fecha.,09ebf6d71d1a7ca956685cd6ef9838115fcbf8139e4acce050fdbf75a116b776,BV-F-0023,SG-F-0023,v1.0,verified,unresolved,resolved,es ia este tributo a cristiano ronaldo no ocurrio en realidad,¡Es IA! Este tributo a Cristiano Ronaldo no ocurrió en realidad. La publicación está incluida en la sección Falso de Bolivia Verifica; la URL conservada corresponde al índice recuperado que muestra el título y la fecha.,deportes,36,219,11,tributo;Cristiano;Ronaldo;ocurrió;realidad;deportes;Bolivia Verifica
BO-F-0024,"No, el ministro de la Presidencia Jose Luís Lupo no presentó su carta de renuncia","No, el ministro de la Presidencia Jose Luís Lupo no presentó su carta de renuncia. La publicación está incluida en la sección Falso de Bolivia Verifica; la URL conservada corresponde al índice recuperado que muestra el título y la fecha.",Bolivia Verifica,https://boliviaverifica.bo/category/falso/page/4/,https://boliviaverifica.bo/category/falso/page/4/,2026-07-10,Bolivia,es,FAKE,Bolivia Verifica,https://boliviaverifica.bo/category/falso/page/4/,La publicación está incluida en la sección Falso de Bolivia Verifica; la URL conservada corresponde al índice recuperado que muestra el título y la fecha.,7c5726338340985c7fcd6897069197e3bbdd0dd9ca8f0d3d93997b09baa73bb6,BV-F-0024,SG-F-0024,v1.0,verified,unresolved,resolved,no el ministro de la presidencia jose luis lupo no presento su carta de renuncia,"No, el ministro de la Presidencia Jose Luís Lupo no presentó su carta de renuncia. La publicación está incluida en la sección Falso de Bolivia Verifica; la URL conservada corresponde al índice recuperado que muestra el título y la fecha.",tecnologia,40,237,12,ministro;Presidencia;Jose;Luís;Lupo;presentó;carta;renuncia
BO-F-0025,Video viral de un Lamborghini “chuto” en Bolivia es en realidad un registro grabado en México,Video viral de un Lamborghini “chuto” en Bolivia es en realidad un registro grabado en México. La publicación está incluida en la sección Falso de Bolivia Verifica; la URL conservada corresponde al índice recuperado que muestra el título y la fecha.,Bolivia Verifica,https://boliviaverifica.bo/category/falso/page/4/,https://boliviaverifica.bo/category/falso/page/4/,2026-07-10,Bolivia,es,FAKE,Bolivia Verifica,https://boliviaverifica.bo/category/falso/page/4/,La publicación está incluida en la sección Falso de Bolivia Verifica; la URL conservada corresponde al índice recuperado que muestra el título y la fecha.,91b73d3feb272036fcc784990fcb9f4e228da736731c889b40483050f85f3c3c,BV-F-0025,SG-F-0025,v1.0,verified,unresolved,resolved,video viral de un lamborghini chuto en bolivia es en realidad un registro grabado en mexico,Video viral de un Lamborghini “chuto” en Bolivia es en realidad un registro grabado en México. La publicación está incluida en la sección Falso de Bolivia Verifica; la URL conservada corresponde al índice recuperado que muestra el...,tecnologia,41,249,12,Video;viral;Lamborghini;chuto;realidad;registro;grabado;México
BO-F-0026,Es falso que un bebé haya sido registrado con el nombre “Vozinha Mamani Manani”,Es falso que un bebé haya sido registrado con el nombre “Vozinha Mamani Manani”. La publicación está incluida en la sección Falso de Bolivia Verifica; la URL conservada corresponde al índice recuperado que muestra el título y la fecha.,Bolivia Verifica,https://boliviaverifica.bo/category/falso/page/4/,https://boliviaverifica.bo/category/falso/page/4/,2026-07-07,Bolivia,es,FAKE,Bolivia Verifica,https://boliviaverifica.bo/category/falso/page/4/,La publicación está incluida en la sección Falso de Bolivia Verifica; la URL conservada corresponde al índice recuperado que muestra el título y la fecha.,ad1487c6539b8fa55df334cc36ba179215df4ff32c37c7a280e0da1c1afded84,BV-F-0026,SG-F-0026,v1.0,verified,unresolved,resolved,es falso que un bebe haya sido registrado con el nombre vozinha mamani manani,Es falso que un bebé haya sido registrado con el nombre “Vozinha Mamani Manani”. La publicación está incluida en la sección Falso de Bolivia Verifica; la URL conservada corresponde al índice recuperado que muestra el título y la fecha.,tecnologia,39,235,12,bebé;haya;sido;registrado;nombre;Vozinha;Mamani;Manani
BO-F-0027,Inventan una falsa discusión entre Amalia Pando y Marcelo Claure para promover una estafa digital,Inventan una falsa discusión entre Amalia Pando y Marcelo Claure para promover una estafa digital. La publicación está incluida en la sección Falso de Bolivia Verifica; la URL conservada corresponde al índice recuperado que muestra el título y la fecha.,Bolivia Verifica,https://boliviaverifica.bo/category/falso/page/4/,https://boliviaverifica.bo/category/falso/page/4/,2026-07-07,Bolivia,es,FAKE,Bolivia Verifica,https://boliviaverifica.bo/category/falso/page/4/,La publicación está incluida en la sección Falso de Bolivia Verifica; la URL conservada corresponde al índice recuperado que muestra el título y la fecha.,584197354962880645dbd280ee483183dd78b058746b8b50b2e3573ab1146fd7,BV-F-0027,SG-F-0027,v1.0,verified,unresolved,resolved,inventan una falsa discusion entre amalia pando y marcelo claure para promover una estafa digital,Inventan una falsa discusión entre Amalia Pando y Marcelo Claure para promover una estafa digital. La publicación está incluida en la sección Falso de Bolivia Verifica; la URL conservada corresponde al índice recuperado que muestra el...,tecnologia,40,253,12,Inventan;discusión;entre;Amalia;Pando;Marcelo;Claure;promover
BO-F-0028,Estafa: Ni Marcelo Claure ni Daniel Castellón promocionan una plataforma de ganancias rápidas,Estafa: Ni Marcelo Claure ni Daniel Castellón promocionan una plataforma de ganancias rápidas. La publicación está incluida en la sección Falso de Bolivia Verifica; la URL conservada corresponde al índice recuperado que muestra el título y la fecha.,Bolivia Verifica,https://boliviaverifica.bo/category/falso/page/5/,https://boliviaverifica.bo/category/falso/page/5/,2026-07-06,Bolivia,es,FAKE,Bolivia Verifica,https://boliviaverifica.bo/category/falso/page/5/,La publicación está incluida en la sección Falso de Bolivia Verifica; la URL conservada corresponde al índice recuperado que muestra el título y la fecha.,7c2fdd99177bfa67519b8bce0e354741bef695dde0e909260c5e7084bea893e0,BV-F-0028,SG-F-0028,v1.0,verified,unresolved,resolved,estafa ni marcelo claure ni daniel castellon promocionan una plataforma de ganancias rapidas,Estafa: Ni Marcelo Claure ni Daniel Castellón promocionan una plataforma de ganancias rápidas. La publicación está incluida en la sección Falso de Bolivia Verifica; la URL conservada corresponde al índice recuperado que muestra el...,tecnologia,38,249,11,Estafa;Marcelo;Claure;Daniel;Castellón;promocionan;plataforma;ganancias
BO-F-0029,Defensoría del Pueblo no recibe Bs 500 millones anuales,Defensoría del Pueblo no recibe Bs 500 millones anuales. La publicación está incluida en la sección Falso de Bolivia Verifica; la URL conservada corresponde al índice recuperado que muestra el título y la fecha.,Bolivia Verifica,https://boliviaverifica.bo/category/falso/page/5/,https://boliviaverifica.bo/category/falso/page/5/,2026-07-06,Bolivia,es,FAKE,Bolivia Verifica,https://boliviaverifica.bo/category/falso/page/5/,La publicación está incluida en la sección Falso de Bolivia Verifica; la URL conservada corresponde al índice recuperado que muestra el título y la fecha.,c92ac9e2e66153d97220cc239e3f3086669324a679b53d240039882702553f85,BV-F-0029,SG-F-0029,v1.0,verified,unresolved,resolved,defensoria del pueblo no recibe bs 500 millones anuales,Defensoría del Pueblo no recibe Bs 500 millones anuales. La publicación está incluida en la sección Falso de Bolivia Verifica; la URL conservada corresponde al índice recuperado que muestra el título y la fecha.,tecnologia,34,211,10,Defensoría;Pueblo;recibe;500;millones;anuales;tecnologia;Bolivia Verifica
BO-F-0030,El Gobierno no dolarizó el servicio de electricidad ni estableció un incremento del 5% en la tarifa,El Gobierno no dolarizó el servicio de electricidad ni estableció un incremento del 5% en la tarifa. La publicación está incluida en la sección Falso de Bolivia Verifica; la URL conservada corresponde al índice recuperado que muestra el título y la fecha.,Bolivia Verifica,https://boliviaverifica.bo/category/falso/page/5/,https://boliviaverifica.bo/category/falso/page/5/,2026-07-04,Bolivia,es,FAKE,Bolivia Verifica,https://boliviaverifica.bo/category/falso/page/5/,La publicación está incluida en la sección Falso de Bolivia Verifica; la URL conservada corresponde al índice recuperado que muestra el título y la fecha.,7944e5aa9c1151fd2b802578ae760240f7a172d8940f26efdbdd19d40eeb6c30,BV-F-0030,SG-F-0030,v1.0,verified,unresolved,resolved,el gobierno no dolarizo el servicio de electricidad ni establecio un incremento del 5 en la tarifa,El Gobierno no dolarizó el servicio de electricidad ni estableció un incremento del 5% en la tarifa. La publicación está incluida en la sección Falso de Bolivia Verifica; la URL conservada corresponde al índice recuperado que muestra el...,tecnologia,42,255,13,Gobierno;dolarizó;servicio;electricidad;estableció;incremento;tarifa;tecnologia
BO-F-0031,Falso: El rescatista salvadoreño César Juárez no falleció en Venezuela; murió en un accidente de tránsito en su país,Falso: El rescatista salvadoreño César Juárez no falleció en Venezuela; murió en un accidente de tránsito en su país. La publicación está incluida en la sección Falso de Bolivia Verifica; la URL conservada corresponde al índice recuperado que muestra el título y la fecha.,Bolivia Verifica,https://boliviaverifica.bo/category/falso/page/5/,https://boliviaverifica.bo/category/falso/page/5/,2026-07-03,Bolivia,es,FAKE,Bolivia Verifica,https://boliviaverifica.bo/category/falso/page/5/,La publicación está incluida en la sección Falso de Bolivia Verifica; la URL conservada corresponde al índice recuperado que muestra el título y la fecha.,792d683fc72e89137bc75b80a69cd5d410f218af76e4de441057647347048d47,BV-F-0031,SG-F-0031,v1.0,verified,unresolved,resolved,falso el rescatista salvadoreno cesar juarez no fallecio en venezuela murio en un accidente de transito en su pais,Falso: El rescatista salvadoreño César Juárez no falleció en Venezuela; murió en un accidente de tránsito en su país. La publicación está incluida en la sección Falso de Bolivia Verifica; la URL conservada corresponde al índice...,tecnologia,44,272,13,rescatista;salvadoreño;César;Juárez;falleció;Venezuela;murió;accidente
BO-F-0032,No es correcto afirmar que el dólar flexible provocó la devaluación del poder adquisitivo del boliviano,No es correcto afirmar que el dólar flexible provocó la devaluación del poder adquisitivo del boliviano. La publicación está incluida en la sección Falso de Bolivia Verifica; la URL conservada corresponde al índice recuperado que muestra el título y la fecha.,Bolivia Verifica,https://boliviaverifica.bo/category/falso/page/5/,https://boliviaverifica.bo/category/falso/page/5/,2026-07-02,Bolivia,es,FAKE,Bolivia Verifica,https://boliviaverifica.bo/category/falso/page/5/,La publicación está incluida en la sección Falso de Bolivia Verifica; la URL conservada corresponde al índice recuperado que muestra el título y la fecha.,e782fab54d7a702728c73e3b837dbf7d71197ad9e082270b5daf6ca07e357ce7,BV-F-0032,SG-F-0032,v1.0,verified,unresolved,resolved,no es correcto afirmar que el dolar flexible provoco la devaluacion del poder adquisitivo del boliviano,No es correcto afirmar que el dólar flexible provocó la devaluación del poder adquisitivo del boliviano. La publicación está incluida en la sección Falso de Bolivia Verifica; la URL conservada corresponde al índice recuperado que...,tecnologia,41,259,12,correcto;afirmar;dólar;flexible;provocó;devaluación;poder;adquisitivo
BO-F-0033,Es falso que Claudia Sheinbaum amenazó a Ecuador antes del partido contra México,Es falso que Claudia Sheinbaum amenazó a Ecuador antes del partido contra México. La publicación está incluida en la sección Falso de Bolivia Verifica; la URL conservada corresponde al índice recuperado que muestra el título y la fecha.,Bolivia Verifica,https://boliviaverifica.bo/category/falso/page/5/,https://boliviaverifica.bo/category/falso/page/5/,2026-07-02,Bolivia,es,FAKE,Bolivia Verifica,https://boliviaverifica.bo/category/falso/page/5/,La publicación está incluida en la sección Falso de Bolivia Verifica; la URL conservada corresponde al índice recuperado que muestra el título y la fecha.,892bd9a747cd3c796a75f0dbd46262fb962eb1bad36ac6670ccaa131ee4da895,BV-F-0033,SG-F-0033,v1.0,verified,unresolved,resolved,es falso que claudia sheinbaum amenazo a ecuador antes del partido contra mexico,Es falso que Claudia Sheinbaum amenazó a Ecuador antes del partido contra México. La publicación está incluida en la sección Falso de Bolivia Verifica; la URL conservada corresponde al índice recuperado que muestra el título y la fecha.,tecnologia,38,236,11,Claudia;Sheinbaum;amenazó;Ecuador;antes;partido;contra;México
BO-F-0034,El Gobierno no autorizó un incremento del 5% en la tarifa de electricidad,El Gobierno no autorizó un incremento del 5% en la tarifa de electricidad. La publicación está incluida en la sección Falso de Bolivia Verifica; la URL conservada corresponde al índice recuperado que muestra el título y la fecha.,Bolivia Verifica,https://boliviaverifica.bo/category/falso/page/5/,https://boliviaverifica.bo/category/falso/page/5/,2026-07-01,Bolivia,es,FAKE,Bolivia Verifica,https://boliviaverifica.bo/category/falso/page/5/,La publicación está incluida en la sección Falso de Bolivia Verifica; la URL conservada corresponde al índice recuperado que muestra el título y la fecha.,7e4a8778b0fc0ace5c4447568fd7fc8d68f17fe0ef103e660e72d9861ab335fc,BV-F-0034,SG-F-0034,v1.0,verified,unresolved,resolved,el gobierno no autorizo un incremento del 5 en la tarifa de electricidad,El Gobierno no autorizó un incremento del 5% en la tarifa de electricidad. La publicación está incluida en la sección Falso de Bolivia Verifica; la URL conservada corresponde al índice recuperado que muestra el título y la fecha.,tecnologia,38,229,11,Gobierno;autorizó;incremento;tarifa;electricidad;tecnologia;Bolivia Verifica
BO-F-0035,Falso: Los combustibles importados y vendidos por privados no son evidencia de un nuevo gasolinazo,Falso: Los combustibles importados y vendidos por privados no son evidencia de un nuevo gasolinazo. La publicación está incluida en la sección Falso de Bolivia Verifica; la URL conservada corresponde al índice recuperado que muestra el título y la fecha.,Bolivia Verifica,https://boliviaverifica.bo/category/falso/page/5/,https://boliviaverifica.bo/category/falso/page/5/,2026-06-29,Bolivia,es,FAKE,Bolivia Verifica,https://boliviaverifica.bo/category/falso/page/5/,La publicación está incluida en la sección Falso de Bolivia Verifica; la URL conservada corresponde al índice recuperado que muestra el título y la fecha.,10b7625398f49a204b7d1ec9f4eb48d4b06c4f9e3d80726e1a1cbd20f29a5879,BV-F-0035,SG-F-0035,v1.0,verified,unresolved,resolved,falso los combustibles importados y vendidos por privados no son evidencia de un nuevo gasolinazo,Falso: Los combustibles importados y vendidos por privados no son evidencia de un nuevo gasolinazo. La publicación está incluida en la sección Falso de Bolivia Verifica; la URL conservada corresponde al índice recuperado que muestra el...,tecnologia,40,254,12,combustibles;importados;vendidos;privados;son;evidencia;nuevo;gasolinazo
BO-F-0036,Es falso que la imagen de Jeanine Áñez en el Vaticano haya sido creada con IA,Es falso que la imagen de Jeanine Áñez en el Vaticano haya sido creada con IA. La publicación está incluida en la sección Falso de Bolivia Verifica; la URL conservada corresponde al índice recuperado que muestra el título y la fecha.,Bolivia Verifica,https://boliviaverifica.bo/category/falso/page/5/,https://boliviaverifica.bo/category/falso/page/5/,2026-06-25,Bolivia,es,FAKE,Bolivia Verifica,https://boliviaverifica.bo/category/falso/page/5/,La publicación está incluida en la sección Falso de Bolivia Verifica; la URL conservada corresponde al índice recuperado que muestra el título y la fecha.,cfee3d6e36e45a0541bebc68b1ea549b4a0457a89f273e1f009d1c19aa0cc546,BV-F-0036,SG-F-0036,v1.0,verified,unresolved,resolved,es falso que la imagen de jeanine anez en el vaticano haya sido creada con ia,Es falso que la imagen de Jeanine Áñez en el Vaticano haya sido creada con IA. La publicación está incluida en la sección Falso de Bolivia Verifica; la URL conservada corresponde al índice recuperado que muestra el título y la fecha.,tecnologia,41,233,12,imagen;Jeanine;Áñez;Vaticano;haya;sido;creada;tecnologia
BO-F-0037,Una carta atribuida a Branko Marinkovic sobre proyecto de modificación a la CPE es falsa,Una carta atribuida a Branko Marinkovic sobre proyecto de modificación a la CPE es falsa. La publicación está incluida en la sección Falso de Bolivia Verifica; la URL conservada corresponde al índice recuperado que muestra el título y la fecha.,Bolivia Verifica,https://boliviaverifica.bo/category/falso/page/7/,https://boliviaverifica.bo/category/falso/page/7/,2026-06-16,Bolivia,es,FAKE,Bolivia Verifica,https://boliviaverifica.bo/category/falso/page/7/,La publicación está incluida en la sección Falso de Bolivia Verifica; la URL conservada corresponde al índice recuperado que muestra el título y la fecha.,754b60ee6a0d339661c9f5cf59a265eb5db04b7a2c0a446538b8bbb41490197a,BV-F-0037,SG-F-0037,v1.0,verified,unresolved,resolved,una carta atribuida a branko marinkovic sobre proyecto de modificacion a la cpe es falsa,Una carta atribuida a Branko Marinkovic sobre proyecto de modificación a la CPE es falsa. La publicación está incluida en la sección Falso de Bolivia Verifica; la URL conservada corresponde al índice recuperado que muestra el título y...,tecnologia,40,244,12,carta;atribuida;Branko;Marinkovic;proyecto;modificación;CPE;tecnologia
BO-F-0038,Rodrigo Paz no publicó estos mensajes en X sobre privatizaciones y corrupción,Rodrigo Paz no publicó estos mensajes en X sobre privatizaciones y corrupción. La publicación está incluida en la sección Falso de Bolivia Verifica; la URL conservada corresponde al índice recuperado que muestra el título y la fecha.,Bolivia Verifica,https://boliviaverifica.bo/category/falso/page/7/,https://boliviaverifica.bo/category/falso/page/7/,2026-06-16,Bolivia,es,FAKE,Bolivia Verifica,https://boliviaverifica.bo/category/falso/page/7/,La publicación está incluida en la sección Falso de Bolivia Verifica; la URL conservada corresponde al índice recuperado que muestra el título y la fecha.,6cede94259133b5910554790f5a61825f8bdad69cfeceba1ee9c874bee584c39,BV-F-0038,SG-F-0038,v1.0,verified,unresolved,resolved,rodrigo paz no publico estos mensajes en x sobre privatizaciones y corrupcion,Rodrigo Paz no publicó estos mensajes en X sobre privatizaciones y corrupción. La publicación está incluida en la sección Falso de Bolivia Verifica; la URL conservada corresponde al índice recuperado que muestra el título y la fecha.,tecnologia,37,233,11,Rodrigo;Paz;publicó;estos;mensajes;privatizaciones;corrupción;tecnologia
BO-F-0039,"No, el diputado Manolo Rojas no hizo esa publicación en Facebook; la cuenta no le pertenece","No, el diputado Manolo Rojas no hizo esa publicación en Facebook; la cuenta no le pertenece. La publicación está incluida en la sección Falso de Bolivia Verifica; la URL conservada corresponde al índice recuperado que muestra el título y la fecha.",Bolivia Verifica,https://boliviaverifica.bo/category/falso/page/7/,https://boliviaverifica.bo/category/falso/page/7/,2026-06-16,Bolivia,es,FAKE,Bolivia Verifica,https://boliviaverifica.bo/category/falso/page/7/,La publicación está incluida en la sección Falso de Bolivia Verifica; la URL conservada corresponde al índice recuperado que muestra el título y la fecha.,0e979418c4a1bee30ab3aa086dc2f32bcc67ed7c5e7a82dd35081fe6e75fd371,BV-F-0039,SG-F-0039,v1.0,verified,unresolved,resolved,no el diputado manolo rojas no hizo esa publicacion en facebook la cuenta no le pertenece,"No, el diputado Manolo Rojas no hizo esa publicación en Facebook; la cuenta no le pertenece. La publicación está incluida en la sección Falso de Bolivia Verifica; la URL conservada corresponde al índice recuperado que muestra el título...",tecnologia,41,247,12,diputado;Manolo;Rojas;hizo;esa;publicación;Facebook;cuenta
BO-F-0040,"Es falso que existan casos de “asesinatos”, “torturas” y “secuestros” en Bolivia, como afirmó una diputada argentina y una delegación de derechos humanos","Es falso que existan casos de “asesinatos”, “torturas” y “secuestros” en Bolivia, como afirmó una diputada argentina y una delegación de derechos humanos. La publicación está incluida en la sección Falso de Bolivia Verifica; la URL conservada corresponde al índice recuperado que muestra el título y la fecha.",Bolivia Verifica,https://boliviaverifica.bo/category/falso/page/7/,https://boliviaverifica.bo/category/falso/page/7/,2026-06-15,Bolivia,es,FAKE,Bolivia Verifica,https://boliviaverifica.bo/category/falso/page/7/,La publicación está incluida en la sección Falso de Bolivia Verifica; la URL conservada corresponde al índice recuperado que muestra el título y la fecha.,506667575f4a480090758738563a06d696c74fc9372760e5d99633bad84950fe,BV-F-0040,SG-F-0040,v1.0,verified,unresolved,resolved,es falso que existan casos de asesinatos torturas y secuestros en bolivia como afirmo una diputada argentina y una delegacion de derechos humanos,"Es falso que existan casos de “asesinatos”, “torturas” y “secuestros” en Bolivia, como afirmó una diputada argentina y una delegación de derechos humanos. La publicación está incluida en la sección Falso de Bolivia Verifica; la URL...",tecnologia,48,309,14,existan;casos;asesinatos;torturas;secuestros;afirmó;diputada;argentina
BO-F-0041,Es falso que un chofer haya fallecido dentro de un camión retenido por los bloqueos,Es falso que un chofer haya fallecido dentro de un camión retenido por los bloqueos. La publicación está incluida en la sección Falso de Bolivia Verifica; la URL conservada corresponde al índice recuperado que muestra el título y la fecha.,Bolivia Verifica,https://boliviaverifica.bo/category/falso/page/7/,https://boliviaverifica.bo/category/falso/page/7/,2026-06-15,Bolivia,es,FAKE,Bolivia Verifica,https://boliviaverifica.bo/category/falso/page/7/,La publicación está incluida en la sección Falso de Bolivia Verifica; la URL conservada corresponde al índice recuperado que muestra el título y la fecha.,afa471ef1513e9b405edaf39ba224128cd7c3d6b15f9f959b0cf1fb73baf3b34,BV-F-0041,SG-F-0041,v1.0,verified,unresolved,resolved,es falso que un chofer haya fallecido dentro de un camion retenido por los bloqueos,Es falso que un chofer haya fallecido dentro de un camión retenido por los bloqueos. La publicación está incluida en la sección Falso de Bolivia Verifica; la URL conservada corresponde al índice recuperado que muestra el título y la fecha.,tecnologia,40,239,12,chofer;haya;fallecido;dentro;camión;retenido;bloqueos;tecnologia
BO-F-0042,Es falsa la imagen que muestra juntos al alcalde de Achacachi y al presidente; fue manipulada con IA,Es falsa la imagen que muestra juntos al alcalde de Achacachi y al presidente; fue manipulada con IA. La publicación está incluida en la sección Falso de Bolivia Verifica; la URL conservada corresponde al índice recuperado que muestra el título y la fecha.,Bolivia Verifica,https://boliviaverifica.bo/category/falso/page/7/,https://boliviaverifica.bo/category/falso/page/7/,2026-06-14,Bolivia,es,FAKE,Bolivia Verifica,https://boliviaverifica.bo/category/falso/page/7/,La publicación está incluida en la sección Falso de Bolivia Verifica; la URL conservada corresponde al índice recuperado que muestra el título y la fecha.,43190405417a657662929052fac85fec263432e0b59daa92a6689b828c6b648f,BV-F-0042,SG-F-0042,v1.0,verified,unresolved,resolved,es falsa la imagen que muestra juntos al alcalde de achacachi y al presidente fue manipulada con ia,Es falsa la imagen que muestra juntos al alcalde de Achacachi y al presidente; fue manipulada con IA. La publicación está incluida en la sección Falso de Bolivia Verifica; la URL conservada corresponde al índice recuperado que muestra...,tecnologia,43,256,13,imagen;muestra;juntos;alcalde;Achacachi;presidente;fue;manipulada
BO-F-0043,Esta persona no murió por hacer fila para cargar combustible,Esta persona no murió por hacer fila para cargar combustible. La publicación está incluida en la sección Falso de Bolivia Verifica; la URL conservada corresponde al índice recuperado que muestra el título y la fecha.,Bolivia Verifica,https://boliviaverifica.bo/category/falso/page/7/,https://boliviaverifica.bo/category/falso/page/7/,2026-06-14,Bolivia,es,FAKE,Bolivia Verifica,https://boliviaverifica.bo/category/falso/page/7/,La publicación está incluida en la sección Falso de Bolivia Verifica; la URL conservada corresponde al índice recuperado que muestra el título y la fecha.,26bf4b9529b877ebb1c999e70f1e211ceb086e4e03f90e84d4e8a807a104e1b4,BV-F-0043,SG-F-0043,v1.0,verified,unresolved,resolved,esta persona no murio por hacer fila para cargar combustible,Esta persona no murió por hacer fila para cargar combustible. La publicación está incluida en la sección Falso de Bolivia Verifica; la URL conservada corresponde al índice recuperado que muestra el título y la fecha.,tecnologia,35,216,10,persona;murió;hacer;fila;cargar;combustible;tecnologia;Bolivia Verifica
BO-F-0044,Es falso que el ministro de Educación haya instruido descuentos a maestros,Es falso que el ministro de Educación haya instruido descuentos a maestros. La publicación está incluida en la sección Falso de Bolivia Verifica; la URL conservada corresponde al índice recuperado que muestra el título y la fecha.,Bolivia Verifica,https://boliviaverifica.bo/category/falso/page/7/,https://boliviaverifica.bo/category/falso/page/7/,2026-06-13,Bolivia,es,FAKE,Bolivia Verifica,https://boliviaverifica.bo/category/falso/page/7/,La publicación está incluida en la sección Falso de Bolivia Verifica; la URL conservada corresponde al índice recuperado que muestra el título y la fecha.,e9d847ac41e7531de55e4abaac542afbddbcf9ca1f8a8cf260442a788495b167,BV-F-0044,SG-F-0044,v1.0,verified,unresolved,resolved,es falso que el ministro de educacion haya instruido descuentos a maestros,Es falso que el ministro de Educación haya instruido descuentos a maestros. La publicación está incluida en la sección Falso de Bolivia Verifica; la URL conservada corresponde al índice recuperado que muestra el título y la fecha.,educacion,37,230,11,ministro;Educación;haya;instruido;descuentos;maestros;educacion;Bolivia Verifica
BO-F-0045,"PIL Andina informa que la planta está parada, pero no hay ningún anuncio de salida de La Paz","PIL Andina informa que la planta está parada, pero no hay ningún anuncio de salida de La Paz. La publicación está incluida en la sección Falso de Bolivia Verifica; la URL conservada corresponde al índice recuperado que muestra el título y la fecha.",Bolivia Verifica,https://boliviaverifica.bo/category/falso/page/7/,https://boliviaverifica.bo/category/falso/page/7/,2026-06-12,Bolivia,es,FAKE,Bolivia Verifica,https://boliviaverifica.bo/category/falso/page/7/,La publicación está incluida en la sección Falso de Bolivia Verifica; la URL conservada corresponde al índice recuperado que muestra el título y la fecha.,69950da4880f1f572d30f7ce0c71e901f59e541febea60d4cb3c691d4d2e2e2d,BV-F-0045,SG-F-0045,v1.0,verified,unresolved,resolved,pil andina informa que la planta esta parada pero no hay ningun anuncio de salida de la paz,"PIL Andina informa que la planta está parada, pero no hay ningún anuncio de salida de La Paz. La publicación está incluida en la sección Falso de Bolivia Verifica; la URL conservada corresponde al índice recuperado que muestra el título...",tecnologia,43,248,13,PIL;Andina;informa;planta;está;parada;pero;hay
BO-F-0046,Falso: Esta imagen no demuestra que Emapa comercializa alimentos donados por Brasil; ese país no donó pollo,Falso: Esta imagen no demuestra que Emapa comercializa alimentos donados por Brasil; ese país no donó pollo. La publicación está incluida en la sección Falso de Bolivia Verifica; la URL conservada corresponde al índice recuperado que muestra el título y la fecha.,Bolivia Verifica,https://boliviaverifica.bo/category/falso/page/8/,https://boliviaverifica.bo/category/falso/page/8/,2026-06-11,Bolivia,es,FAKE,Bolivia Verifica,https://boliviaverifica.bo/category/falso/page/8/,La publicación está incluida en la sección Falso de Bolivia Verifica; la URL conservada corresponde al índice recuperado que muestra el título y la fecha.,7177e87626c370ddf2bce047a16a56dba5b8ce9537b5cfee1e25206407053cc7,BV-F-0046,SG-F-0046,v1.0,verified,unresolved,resolved,falso esta imagen no demuestra que emapa comercializa alimentos donados por brasil ese pais no dono pollo,Falso: Esta imagen no demuestra que Emapa comercializa alimentos donados por Brasil; ese país no donó pollo. La publicación está incluida en la sección Falso de Bolivia Verifica; la URL conservada corresponde al índice recuperado que...,tecnologia,42,263,13,imagen;demuestra;Emapa;comercializa;alimentos;donados;Brasil;ese
BO-F-0047,Falso: La Ley 1740 no autoriza a los militares a disparar con impunidad,Falso: La Ley 1740 no autoriza a los militares a disparar con impunidad. La publicación está incluida en la sección Falso de Bolivia Verifica; la URL conservada corresponde al índice recuperado que muestra el título y la fecha.,Bolivia Verifica,https://boliviaverifica.bo/category/falso/page/8/,https://boliviaverifica.bo/category/falso/page/8/,2026-06-11,Bolivia,es,FAKE,Bolivia Verifica,https://boliviaverifica.bo/category/falso/page/8/,La publicación está incluida en la sección Falso de Bolivia Verifica; la URL conservada corresponde al índice recuperado que muestra el título y la fecha.,f0fda7b00d9fcdd12fca5548ae547575d1a472620062a298780280c5ee496c6d,BV-F-0047,SG-F-0047,v1.0,verified,unresolved,resolved,falso la ley 1740 no autoriza a los militares a disparar con impunidad,Falso: La Ley 1740 no autoriza a los militares a disparar con impunidad. La publicación está incluida en la sección Falso de Bolivia Verifica; la URL conservada corresponde al índice recuperado que muestra el título y la fecha.,tecnologia,38,227,11,Ley;1740;autoriza;militares;disparar;impunidad;tecnologia;Bolivia Verifica
BO-F-0048,No es cierto que la Ley 1740 autoriza la intervención militar directa contra más de 90 bloqueos de carreteras,No es cierto que la Ley 1740 autoriza la intervención militar directa contra más de 90 bloqueos de carreteras. La publicación está incluida en la sección Falso de Bolivia Verifica; la URL conservada corresponde al índice recuperado que muestra el título y la fecha.,Bolivia Verifica,https://boliviaverifica.bo/category/falso/page/8/,https://boliviaverifica.bo/category/falso/page/8/,2026-06-10,Bolivia,es,FAKE,Bolivia Verifica,https://boliviaverifica.bo/category/falso/page/8/,La publicación está incluida en la sección Falso de Bolivia Verifica; la URL conservada corresponde al índice recuperado que muestra el título y la fecha.,ceb7f76609761f7a7695249e873bd6a2234e789c78f73223016b5774790685ef,BV-F-0048,SG-F-0048,v1.0,verified,unresolved,resolved,no es cierto que la ley 1740 autoriza la intervencion militar directa contra mas de 90 bloqueos de carreteras,No es cierto que la Ley 1740 autoriza la intervención militar directa contra más de 90 bloqueos de carreteras. La publicación está incluida en la sección Falso de Bolivia Verifica; la URL conservada corresponde al índice recuperado que...,tecnologia,44,265,13,cierto;Ley;1740;autoriza;intervención;militar;directa;contra
BO-F-0049,Manipulan publicación de Unitel para atribuir a Edmand Lara un pedido de renuncia de Rodrigo Paz,Manipulan publicación de Unitel para atribuir a Edmand Lara un pedido de renuncia de Rodrigo Paz. La publicación está incluida en la sección Falso de Bolivia Verifica; la URL conservada corresponde al índice recuperado que muestra el título y la fecha.,Bolivia Verifica,https://boliviaverifica.bo/category/falso/page/8/,https://boliviaverifica.bo/category/falso/page/8/,2026-06-10,Bolivia,es,FAKE,Bolivia Verifica,https://boliviaverifica.bo/category/falso/page/8/,La publicación está incluida en la sección Falso de Bolivia Verifica; la URL conservada corresponde al índice recuperado que muestra el título y la fecha.,95c6905dc2e68d309204cc73d94da1bb5cb2d6690b2ed35650a061f830169163,BV-F-0049,SG-F-0049,v1.0,verified,unresolved,resolved,manipulan publicacion de unitel para atribuir a edmand lara un pedido de renuncia de rodrigo paz,Manipulan publicación de Unitel para atribuir a Edmand Lara un pedido de renuncia de Rodrigo Paz. La publicación está incluida en la sección Falso de Bolivia Verifica; la URL conservada corresponde al índice recuperado que muestra el...,tecnologia,41,252,12,Manipulan;publicación;Unitel;atribuir;Edmand;Lara;pedido;renuncia
BO-F-0050,"Unitel y la presentadora Maywa Jáuregui no promocionaron la plataforma BitdexApp V3, es una estafa","Unitel y la presentadora Maywa Jáuregui no promocionaron la plataforma BitdexApp V3, es una estafa. La publicación está incluida en la sección Falso de Bolivia Verifica; la URL conservada corresponde al índice recuperado que muestra el título y la fecha.",Bolivia Verifica,https://boliviaverifica.bo/category/falso/page/8/,https://boliviaverifica.bo/category/falso/page/8/,2026-06-10,Bolivia,es,FAKE,Bolivia Verifica,https://boliviaverifica.bo/category/falso/page/8/,La publicación está incluida en la sección Falso de Bolivia Verifica; la URL conservada corresponde al índice recuperado que muestra el título y la fecha.,1dc4247e8c80a79659758ae4524df12dae8ae09331780739786f17a375a17476,BV-F-0050,SG-F-0050,v1.0,verified,unresolved,resolved,unitel y la presentadora maywa jauregui no promocionaron la plataforma bitdexapp v3 es una estafa,"Unitel y la presentadora Maywa Jáuregui no promocionaron la plataforma BitdexApp V3, es una estafa. La publicación está incluida en la sección Falso de Bolivia Verifica; la URL conservada corresponde al índice recuperado que muestra el...",tecnologia,40,254,12,Unitel;presentadora;Maywa;Jáuregui;promocionaron;plataforma;BitdexApp;estafa
BO-F-0051,Reflota desinformación sobre militares paracaidistas; las imágenes corresponden a un entrenamiento de 2025,Reflota desinformación sobre militares paracaidistas; las imágenes corresponden a un entrenamiento de 2025. La publicación está incluida en la sección Falso de Bolivia Verifica; la URL conservada corresponde al índice recuperado que muestra el título y la fecha.,Bolivia Verifica,https://boliviaverifica.bo/category/falso/page/8/,https://boliviaverifica.bo/category/falso/page/8/,2026-06-09,Bolivia,es,FAKE,Bolivia Verifica,https://boliviaverifica.bo/category/falso/page/8/,La publicación está incluida en la sección Falso de Bolivia Verifica; la URL conservada corresponde al índice recuperado que muestra el título y la fecha.,53570f91d5caed84c78734273e6f14032e3a86e5d45ba759ff448e7a90740cfe,BV-F-0051,SG-F-0051,v1.0,verified,unresolved,resolved,reflota desinformacion sobre militares paracaidistas las imagenes corresponden a un entrenamiento de 2025,Reflota desinformación sobre militares paracaidistas; las imágenes corresponden a un entrenamiento de 2025. La publicación está incluida en la sección Falso de Bolivia Verifica; la URL conservada corresponde al índice recuperado que...,tecnologia,38,262,11,Reflota;desinformación;militares;paracaidistas;imágenes;corresponden;entrenamiento;2025
BO-F-0052,Falso: Rodrigo Paz no afirmó que las donaciones internacionales se vendan a través de Emapa,Falso: Rodrigo Paz no afirmó que las donaciones internacionales se vendan a través de Emapa. La publicación está incluida en la sección Falso de Bolivia Verifica; la URL conservada corresponde al índice recuperado que muestra el título y la fecha.,Bolivia Verifica,https://boliviaverifica.bo/category/falso/page/8/,https://boliviaverifica.bo/category/falso/page/8/,2026-06-09,Bolivia,es,FAKE,Bolivia Verifica,https://boliviaverifica.bo/category/falso/page/8/,La publicación está incluida en la sección Falso de Bolivia Verifica; la URL conservada corresponde al índice recuperado que muestra el título y la fecha.,971f938eed7b4cd20ab218c153b2d3dfe71c3e777a6cd4b73f1ab81059991c21,BV-F-0052,SG-F-0052,v1.0,verified,unresolved,resolved,falso rodrigo paz no afirmo que las donaciones internacionales se vendan a traves de emapa,Falso: Rodrigo Paz no afirmó que las donaciones internacionales se vendan a través de Emapa. La publicación está incluida en la sección Falso de Bolivia Verifica; la URL conservada corresponde al índice recuperado que muestra el título...,tecnologia,40,247,12,Rodrigo;Paz;afirmó;donaciones;internacionales;vendan;través;Emapa
BO-F-0053,Es falso que este video muestre la graduación de una hija del presidente Rodrigo Paz,Es falso que este video muestre la graduación de una hija del presidente Rodrigo Paz. La publicación está incluida en la sección Falso de Bolivia Verifica; la URL conservada corresponde al índice recuperado que muestra el título y la fecha.,Bolivia Verifica,https://boliviaverifica.bo/category/falso/page/8/,https://boliviaverifica.bo/category/falso/page/8/,2026-06-09,Bolivia,es,FAKE,Bolivia Verifica,https://boliviaverifica.bo/category/falso/page/8/,La publicación está incluida en la sección Falso de Bolivia Verifica; la URL conservada corresponde al índice recuperado que muestra el título y la fecha.,8db1b7e669547ae40ee8d4154d38146d629b6f9621cf23a2b3328d56a40c6aad,BV-F-0053,SG-F-0053,v1.0,verified,unresolved,resolved,es falso que este video muestre la graduacion de una hija del presidente rodrigo paz,Es falso que este video muestre la graduación de una hija del presidente Rodrigo Paz. La publicación está incluida en la sección Falso de Bolivia Verifica; la URL conservada corresponde al índice recuperado que muestra el título y la fecha.,tecnologia,40,240,12,video;muestre;graduación;hija;presidente;Rodrigo;Paz;tecnologia
BO-F-0054,Falso: La ANH no anunció sanciones para vehículos que bloqueen vías destinadas al transporte de combustible,Falso: La ANH no anunció sanciones para vehículos que bloqueen vías destinadas al transporte de combustible. La publicación está incluida en la sección Falso de Bolivia Verifica; la URL conservada corresponde al índice recuperado que muestra el título y la fecha.,Bolivia Verifica,https://boliviaverifica.bo/category/falso/page/8/,https://boliviaverifica.bo/category/falso/page/8/,2026-06-08,Bolivia,es,FAKE,Bolivia Verifica,https://boliviaverifica.bo/category/falso/page/8/,La publicación está incluida en la sección Falso de Bolivia Verifica; la URL conservada corresponde al índice recuperado que muestra el título y la fecha.,d940166cae2c522bff6040ad77122c60c533ed01af3a401ab118c4ce3582db99,BV-F-0054,SG-F-0054,v1.0,verified,unresolved,resolved,falso la anh no anuncio sanciones para vehiculos que bloqueen vias destinadas al transporte de combustible,Falso: La ANH no anunció sanciones para vehículos que bloqueen vías destinadas al transporte de combustible. La publicación está incluida en la sección Falso de Bolivia Verifica; la URL conservada corresponde al índice recuperado que...,tecnologia,41,263,12,ANH;anunció;sanciones;vehículos;bloqueen;vías;destinadas;transporte
BO-R-0001,"Paz sobre la salud de su padre: «Se encuentra bien, no solo es un gallo, es un toro»","Paz sobre la salud de su padre: «Se encuentra bien, no solo es un gallo, es un toro». Noticia publicada por ABI.",ABI,https://www.abi.bo/index.php/noticias/economia/63465-ypfb-anuncia-nueva-programacion-de-despacho-de-combustibles-para-garantizar-abastecimiento,https://www.abi.bo/index.php/noticias/economia/63465-ypfb-anuncia-nueva-programacion-de-despacho-de-combustibles-para-garantizar-abastecimiento,2025-06-05,Bolivia,es,REAL,ABI,https://abi.bo/page/26/,"La noticia aparece en un índice de publicaciones de la Agencia Boliviana de Información (ABI), con título y fecha visibles.",7bd43e69b3a76a5a020ba130a5f18e355a671b49502196e10c07922026731eb6,ABI-R-0001,SG-R-0001,v1.0,verified,unresolved,resolved,paz sobre la salud de su padre se encuentra bien no solo es un gallo es un toro,"Paz sobre la salud de su padre: «Se encuentra bien, no solo es un gallo, es un toro». Noticia publicada por ABI.",salud,22,112,7,Paz;salud;padre;encuentra;bien;solo;gallo;toro
BO-R-0002,Presidente Paz llama a recuperar el liderazgo de La Paz con el desarrollo de sus 20 provincias,Presidente Paz llama a recuperar el liderazgo de La Paz con el desarrollo de sus 20 provincias. Noticia publicada por ABI.,ABI,https://www.abi.bo/index.php/noticias/politica/63512-gobierno-convoca-a-dialogo-con-sectores-sociales-para-abordar-conflictos,https://www.abi.bo/index.php/noticias/politica/63512-gobierno-convoca-a-dialogo-con-sectores-sociales-para-abordar-conflictos,2025-06-06,Bolivia,es,REAL,ABI,https://abi.bo/page/26/,"La noticia aparece en un índice de publicaciones de la Agencia Boliviana de Información (ABI), con título y fecha visibles.",161785f68dd6eb001af04458a74179aeb288afeba524d8a9a0540f4f44607cd1,ABI-R-0002,SG-R-0002,v1.0,verified,unresolved,resolved,presidente paz llama a recuperar el liderazgo de la paz con el desarrollo de sus 20 provincias,Presidente Paz llama a recuperar el liderazgo de La Paz con el desarrollo de sus 20 provincias. Noticia publicada por ABI.,tecnologia,21,122,6,Presidente;Paz;llama;recuperar;liderazgo;desarrollo;sus;provincias
BO-R-0003,"Gobernadores piden al Gobierno trabajar en la abrogación de normativa ilegal, coparticipación y transferencia de instituciones","Gobernadores piden al Gobierno trabajar en la abrogación de normativa ilegal, coparticipación y transferencia de instituciones. Noticia publicada por ABI.",ABI,https://eldeber.com.bo/pais/gobierno-y-transportistas-instalan-mesa-de-dialogo-por-combustibles_371234,https://eldeber.com.bo/pais/gobierno-y-transportistas-instalan-mesa-de-dialogo-por-combustibles_371234,2025-06-06,Bolivia,es,REAL,ABI,https://abi.bo/page/26/,"La noticia aparece en un índice de publicaciones de la Agencia Boliviana de Información (ABI), con título y fecha visibles.",8c7547bb12416355086f4af4df5e3319c3d23b18195fa734fcc1a46257950485,ABI-R-0003,SG-R-0003,v1.0,verified,unresolved,resolved,gobernadores piden al gobierno trabajar en la abrogacion de normativa ilegal coparticipacion y transferencia de instituciones,"Gobernadores piden al Gobierno trabajar en la abrogación de normativa ilegal, coparticipación y transferencia de instituciones. Noticia publicada por ABI.",tecnologia,20,154,6,Gobernadores;piden;Gobierno;trabajar;abrogación;normativa;ilegal;coparticipación
BO-R-0004,Fiscalía investiga tres casos de presunta trata de 16 bolivianos captados para conflictos bélicos,Fiscalía investiga tres casos de presunta trata de 16 bolivianos captados para conflictos bélicos. Noticia publicada por ABI.,ABI,https://www.lostiempos.com/actualidad/economia/20250607/ypfb-garantiza-suministro-combustibles,https://www.lostiempos.com/actualidad/economia/20250607/ypfb-garantiza-suministro-combustibles,2025-06-07,Bolivia,es,REAL,ABI,https://abi.bo/page/26/,"La noticia aparece en un índice de publicaciones de la Agencia Boliviana de Información (ABI), con título y fecha visibles.",8714eaa6cdbc32dfd9306e3adbbc75ac87c5faf069e1274cd6f07c9742f26f28,ABI-R-0004,SG-R-0004,v1.0,verified,unresolved,resolved,fiscalia investiga tres casos de presunta trata de 16 bolivianos captados para conflictos belicos,Fiscalía investiga tres casos de presunta trata de 16 bolivianos captados para conflictos bélicos. Noticia publicada por ABI.,tecnologia,18,125,5,Fiscalía;investiga;tres;casos;presunta;trata;bolivianos;captados
BO-R-0005,"La Paz aporta el 40,9% de la recaudación tributaria nacional y registra un crecimiento del 5,8%","La Paz aporta el 40,9% de la recaudación tributaria nacional y registra un crecimiento del 5,8%. Noticia publicada por ABI.",ABI,https://www.la-razon.com/economia/2025/06/08/ypfb-garantiza-abastecimiento-de-combustibles/,https://www.la-razon.com/economia/2025/06/08/ypfb-garantiza-abastecimiento-de-combustibles/,2025-06-08,Bolivia,es,REAL,ABI,https://abi.bo/page/26/,"La noticia aparece en un índice de publicaciones de la Agencia Boliviana de Información (ABI), con título y fecha visibles.",00f32d8256670ec460d1fd048a484f649036741da19dc311e48b2433498705bd,ABI-R-0005,SG-R-0005,v1.0,verified,unresolved,resolved,la paz aporta el 40 9 de la recaudacion tributaria nacional y registra un crecimiento del 5 8,"La Paz aporta el 40,9% de la recaudación tributaria nacional y registra un crecimiento del 5,8%. Noticia publicada por ABI.",tecnologia,20,123,6,Paz;aporta;recaudación;tributaria;nacional;registra;crecimiento;tecnologia
BO-R-0006,Vuelco de un vehículo de la Aduana deja un fallecido y cinco heridos en Santa Cruz,Vuelco de un vehículo de la Aduana deja un fallecido y cinco heridos en Santa Cruz. Noticia publicada por ABI.,ABI,https://abi.bo/page/26/,https://abi.bo/page/26/,2026-07-16,Bolivia,es,REAL,ABI,https://abi.bo/page/26/,"La noticia aparece en un índice de publicaciones de la Agencia Boliviana de Información (ABI), con título y fecha visibles.",f03567cf92fe0a18bcd5353252b8c1bd5d743bc814faae0ca4d7ba0ff1f98be8,ABI-R-0006,SG-R-0006,v1.0,verified,unresolved,resolved,vuelco de un vehiculo de la aduana deja un fallecido y cinco heridos en santa cruz,Vuelco de un vehículo de la Aduana deja un fallecido y cinco heridos en Santa Cruz. Noticia publicada por ABI.,tecnologia,20,110,6,Vuelco;vehículo;Aduana;deja;fallecido;cinco;heridos;Santa
BO-R-0007,Gobierno destina más de Bs 180 mil en equipamiento para mejorar la atención en salud en Puerto Suárez,Gobierno destina más de Bs 180 mil en equipamiento para mejorar la atención en salud en Puerto Suárez. Noticia publicada por ABI.,ABI,https://abi.bo/page/26/,https://abi.bo/page/26/,2026-07-16,Bolivia,es,REAL,ABI,https://abi.bo/page/26/,"La noticia aparece en un índice de publicaciones de la Agencia Boliviana de Información (ABI), con título y fecha visibles.",e8f00d2861e73edcb2bcc0789fae142250d9382b54852354e1bdf4f8420996c2,ABI-R-0007,SG-R-0007,v1.0,verified,unresolved,resolved,gobierno destina mas de bs 180 mil en equipamiento para mejorar la atencion en salud en puerto suarez,Gobierno destina más de Bs 180 mil en equipamiento para mejorar la atención en salud en Puerto Suárez. Noticia publicada por ABI.,salud,22,129,7,Gobierno;destina;más;180;mil;equipamiento;mejorar;atención
BO-R-0008,Ministerio Público lleva adelante 148 procesos en todo el país por los bloqueos,Ministerio Público lleva adelante 148 procesos en todo el país por los bloqueos. Noticia publicada por ABI.,ABI,https://abi.bo/page/26/,https://abi.bo/page/26/,2026-07-09,Bolivia,es,REAL,ABI,https://abi.bo/page/26/,"La noticia aparece en un índice de publicaciones de la Agencia Boliviana de Información (ABI), con título y fecha visibles.",e23d0b22e054755a6a302bb42ecc2b5b23a1aee269c2d92f92e8cce3e6151ace,ABI-R-0008,SG-R-0008,v1.0,verified,unresolved,resolved,ministerio publico lleva adelante 148 procesos en todo el pais por los bloqueos,Ministerio Público lleva adelante 148 procesos en todo el país por los bloqueos. Noticia publicada por ABI.,tecnologia,17,107,5,Ministerio;Público;lleva;adelante;148;procesos;todo;país
BO-R-0009,Verbena paceña reunirá a más de 20 artistas nacionales en una cartelera 100% boliviana,Verbena paceña reunirá a más de 20 artistas nacionales en una cartelera 100% boliviana. Noticia publicada por ABI.,ABI,https://abi.bo/page/26/,https://abi.bo/page/26/,2026-07-09,Bolivia,es,REAL,ABI,https://abi.bo/page/26/,"La noticia aparece en un índice de publicaciones de la Agencia Boliviana de Información (ABI), con título y fecha visibles.",87542f20c72fb59dd54fa7b6d6217e4454eeb1d914e6acc79d27833053c5ffb8,ABI-R-0009,SG-R-0009,v1.0,verified,unresolved,resolved,verbena pacena reunira a mas de 20 artistas nacionales en una cartelera 100 boliviana,Verbena paceña reunirá a más de 20 artistas nacionales en una cartelera 100% boliviana. Noticia publicada por ABI.,tecnologia,18,114,5,Verbena;paceña;reunirá;más;artistas;nacionales;cartelera;100
BO-R-0010,Bolivia y Perú reforzarán coordinación policial para combatir el ingreso de autos “chutos”,Bolivia y Perú reforzarán coordinación policial para combatir el ingreso de autos “chutos”. Noticia publicada por ABI.,ABI,https://abi.bo/page/261/,https://abi.bo/page/261/,2026-07-10,Bolivia,es,REAL,ABI,https://abi.bo/page/261/,"La noticia aparece en un índice de publicaciones de la Agencia Boliviana de Información (ABI), con título y fecha visibles.",b48c529f6f8e10efc64ae31ca28b20adea72837617651cd87b27f3d60b66f05a,ABI-R-0010,SG-R-0010,v1.0,verified,unresolved,resolved,bolivia y peru reforzaran coordinacion policial para combatir el ingreso de autos chutos,Bolivia y Perú reforzarán coordinación policial para combatir el ingreso de autos “chutos”. Noticia publicada por ABI.,tecnologia,17,118,5,Perú;reforzarán;coordinación;policial;combatir;ingreso;autos;chutos
BO-R-0011,Ratifican que niños deberán cumplir 4 años hasta diciembre de 2026 para ingresar al nivel Inicial,Ratifican que niños deberán cumplir 4 años hasta diciembre de 2026 para ingresar al nivel Inicial. Noticia publicada por ABI.,ABI,https://abi.bo/page/261/,https://abi.bo/page/261/,2026-07-10,Bolivia,es,REAL,ABI,https://abi.bo/page/261/,"La noticia aparece en un índice de publicaciones de la Agencia Boliviana de Información (ABI), con título y fecha visibles.",55863502577c54d15b129cd77d9056d2ba9cb07bc7122665a645aaefb6debac5,ABI-R-0011,SG-R-0011,v1.0,verified,unresolved,resolved,ratifican que ninos deberan cumplir 4 anos hasta diciembre de 2026 para ingresar al nivel inicial,Ratifican que niños deberán cumplir 4 años hasta diciembre de 2026 para ingresar al nivel Inicial. Noticia publicada por ABI.,educacion,20,125,6,Ratifican;niños;deberán;cumplir;años;hasta;diciembre;2026
BO-R-0012,Reportan seis aprehendidos y tres arrestados por el robo de armas en el cuartel de Chua Cocani,Reportan seis aprehendidos y tres arrestados por el robo de armas en el cuartel de Chua Cocani. Noticia publicada por ABI.,ABI,https://abi.bo/page/261/,https://abi.bo/page/261/,2026-04-27,Bolivia,es,REAL,ABI,https://abi.bo/page/261/,"La noticia aparece en un índice de publicaciones de la Agencia Boliviana de Información (ABI), con título y fecha visibles.",02f6728547c349c93f812c19e44378065d85eeb4cfb148d6118a5f73bd085e82,ABI-R-0012,SG-R-0012,v1.0,verified,unresolved,resolved,reportan seis aprehendidos y tres arrestados por el robo de armas en el cuartel de chua cocani,Reportan seis aprehendidos y tres arrestados por el robo de armas en el cuartel de Chua Cocani. Noticia publicada por ABI.,tecnologia,21,122,6,Reportan;seis;aprehendidos;tres;arrestados;robo;armas;cuartel
BO-R-0013,Transporte Departamental levanta bloqueos tras firmar acuerdo con YPFB,Transporte Departamental levanta bloqueos tras firmar acuerdo con YPFB. Noticia publicada por ABI.,ABI,https://abi.bo/page/261/,https://abi.bo/page/261/,2026-04-27,Bolivia,es,REAL,ABI,https://abi.bo/page/261/,"La noticia aparece en un índice de publicaciones de la Agencia Boliviana de Información (ABI), con título y fecha visibles.",98cce824878801826961fe4e6a4575aac007ce1a815434a2644144143a6e0579,ABI-R-0013,SG-R-0013,v1.0,verified,unresolved,resolved,transporte departamental levanta bloqueos tras firmar acuerdo con ypfb,Transporte Departamental levanta bloqueos tras firmar acuerdo con YPFB. Noticia publicada por ABI.,tecnologia,13,98,4,Transporte;Departamental;levanta;bloqueos;tras;firmar;acuerdo;YPFB
BO-R-0014,TSE entregará credenciales a más de 5.400 autoridades este martes y cerrará proceso subnacional,TSE entregará credenciales a más de 5.400 autoridades este martes y cerrará proceso subnacional. Noticia publicada por ABI.,ABI,https://abi.bo/page/261/,https://abi.bo/page/261/,2026-04-27,Bolivia,es,REAL,ABI,https://abi.bo/page/261/,"La noticia aparece en un índice de publicaciones de la Agencia Boliviana de Información (ABI), con título y fecha visibles.",a3e3023be0aca936f863728e59ea1f4356c5bccca21f4543d1d3a4cca28eefd8,ABI-R-0014,SG-R-0014,v1.0,verified,unresolved,resolved,tse entregara credenciales a mas de 5 400 autoridades este martes y cerrara proceso subnacional,TSE entregará credenciales a más de 5.400 autoridades este martes y cerrará proceso subnacional. Noticia publicada por ABI.,tecnologia,18,123,5,TSE;entregará;credenciales;más;400;autoridades;martes;cerrará
BO-R-0015,Más de 320 empresas prevén superar los $us 60 millones en intenciones de negocios en la Fexco 2026,Más de 320 empresas prevén superar los $us 60 millones en intenciones de negocios en la Fexco 2026. Noticia publicada por ABI.,ABI,https://abi.bo/page/261/,https://abi.bo/page/261/,2026-04-27,Bolivia,es,REAL,ABI,https://abi.bo/page/261/,"La noticia aparece en un índice de publicaciones de la Agencia Boliviana de Información (ABI), con título y fecha visibles.",7422e516c012de026f5be79cb384ed21cd06bfba48096dfeca358ca04ede7623,ABI-R-0015,SG-R-0015,v1.0,verified,unresolved,resolved,mas de 320 empresas preven superar los us 60 millones en intenciones de negocios en la fexco 2026,Más de 320 empresas prevén superar los $us 60 millones en intenciones de negocios en la Fexco 2026. Noticia publicada por ABI.,tecnologia,22,126,7,Más;320;empresas;prevén;superar;millones;intenciones;negocios
BO-R-0016,YPFB y Cámara Departamental de Transporte de La Paz inician reunión,YPFB y Cámara Departamental de Transporte de La Paz inician reunión. Noticia publicada por ABI.,ABI,https://abi.bo/page/261/,https://abi.bo/page/261/,2026-04-27,Bolivia,es,REAL,ABI,https://abi.bo/page/261/,"La noticia aparece en un índice de publicaciones de la Agencia Boliviana de Información (ABI), con título y fecha visibles.",2ed7f7a35c71b51b1086c366aedaa8198e04756fdd1e9505f823d92b3dac27ce,ABI-R-0016,SG-R-0016,v1.0,verified,unresolved,resolved,ypfb y camara departamental de transporte de la paz inician reunion,YPFB y Cámara Departamental de Transporte de La Paz inician reunión. Noticia publicada por ABI.,tecnologia,15,95,4,YPFB;Cámara;Departamental;Transporte;Paz;inician;reunión;tecnologia
BO-R-0017,Las lluvias persistirán en cinco departamentos del país hasta la primera semana de mayo,Las lluvias persistirán en cinco departamentos del país hasta la primera semana de mayo. Noticia publicada por ABI.,ABI,https://abi.bo/page/261/,https://abi.bo/page/261/,2026-04-27,Bolivia,es,REAL,ABI,https://abi.bo/page/261/,"La noticia aparece en un índice de publicaciones de la Agencia Boliviana de Información (ABI), con título y fecha visibles.",15f0935fa7140d4055737fbeb810dd08a66942f44fcd04431cb733e3f200bf09,ABI-R-0017,SG-R-0017,v1.0,verified,unresolved,resolved,las lluvias persistiran en cinco departamentos del pais hasta la primera semana de mayo,Las lluvias persistirán en cinco departamentos del país hasta la primera semana de mayo. Noticia publicada por ABI.,tecnologia,18,115,5,lluvias;persistirán;cinco;departamentos;país;hasta;primera;semana
BO-R-0018,Recuperan parte del armamento robado del cuartel en Chua Cocani,Recuperan parte del armamento robado del cuartel en Chua Cocani. Noticia publicada por ABI.,ABI,https://abi.bo/page/261/,https://abi.bo/page/261/,2026-04-27,Bolivia,es,REAL,ABI,https://abi.bo/page/261/,"La noticia aparece en un índice de publicaciones de la Agencia Boliviana de Información (ABI), con título y fecha visibles.",2f2a1bf14b859e297ff8d18ad491b7b89badc23330e7de615b9c342031fd67c4,ABI-R-0018,SG-R-0018,v1.0,verified,unresolved,resolved,recuperan parte del armamento robado del cuartel en chua cocani,Recuperan parte del armamento robado del cuartel en Chua Cocani. Noticia publicada por ABI.,tecnologia,14,91,4,Recuperan;parte;armamento;robado;cuartel;Chua;Cocani;tecnologia
BO-R-0019,Iniaf certifica dos variedades de bulbos madre de cebolla para mejorar la producción,Iniaf certifica dos variedades de bulbos madre de cebolla para mejorar la producción. Noticia publicada por ABI.,ABI,https://abi.bo/page/261/,https://abi.bo/page/261/,2026-04-27,Bolivia,es,REAL,ABI,https://abi.bo/page/261/,"La noticia aparece en un índice de publicaciones de la Agencia Boliviana de Información (ABI), con título y fecha visibles.",bcff8888c53d63bfa25f55e9c48f88f7c5a7bf26efc84926125c6e2ef5b1ce3e,ABI-R-0019,SG-R-0019,v1.0,verified,unresolved,resolved,iniaf certifica dos variedades de bulbos madre de cebolla para mejorar la produccion,Iniaf certifica dos variedades de bulbos madre de cebolla para mejorar la producción. Noticia publicada por ABI.,tecnologia,17,112,5,Iniaf;certifica;dos;variedades;bulbos;madre;cebolla;mejorar
BO-R-0020,Bloqueos del transporte pesado afectan la circulación en El Alto,Bloqueos del transporte pesado afectan la circulación en El Alto. Noticia publicada por ABI.,ABI,https://abi.bo/page/261/,https://abi.bo/page/261/,2026-04-27,Bolivia,es,REAL,ABI,https://abi.bo/page/261/,"La noticia aparece en un índice de publicaciones de la Agencia Boliviana de Información (ABI), con título y fecha visibles.",d10fb88d41427fc588f82e2a6786231f4637e27e0c4ce477042fb0fa060b1d03,ABI-R-0020,SG-R-0020,v1.0,verified,unresolved,resolved,bloqueos del transporte pesado afectan la circulacion en el alto,Bloqueos del transporte pesado afectan la circulación en El Alto. Noticia publicada por ABI.,tecnologia,14,92,4,Bloqueos;transporte;pesado;afectan;circulación;Alto;tecnologia;ABI
BO-R-0021,Terminal de Buses de La Paz suspende salidas por bloqueos en El Alto,Terminal de Buses de La Paz suspende salidas por bloqueos en El Alto. Noticia publicada por ABI.,ABI,https://abi.bo/page/261/,https://abi.bo/page/261/,2026-04-27,Bolivia,es,REAL,ABI,https://abi.bo/page/261/,"La noticia aparece en un índice de publicaciones de la Agencia Boliviana de Información (ABI), con título y fecha visibles.",b717f57603f4b9de62d5c33a3f9a1f850512411dbb2ce72309d07dd27f539f94,ABI-R-0021,SG-R-0021,v1.0,verified,unresolved,resolved,terminal de buses de la paz suspende salidas por bloqueos en el alto,Terminal de Buses de La Paz suspende salidas por bloqueos en El Alto. Noticia publicada por ABI.,tecnologia,17,96,5,Terminal;Buses;Paz;suspende;salidas;bloqueos;Alto;tecnologia
BO-R-0022,Presidente Paz felicita a autoridades electas y anuncia trabajo conjunto,Presidente Paz felicita a autoridades electas y anuncia trabajo conjunto. Noticia publicada por ABI.,ABI,https://abi.bo/page/158/,https://abi.bo/page/158/,2026-03-22,Bolivia,es,REAL,ABI,https://abi.bo/page/158/,"La noticia aparece en un índice de publicaciones de la Agencia Boliviana de Información (ABI), con título y fecha visibles.",173d0ef31c39170edb14c3cd2c54df835dcfaca54658ac3aa696eda5b975a5b3,ABI-R-0022,SG-R-0022,v1.0,verified,unresolved,resolved,presidente paz felicita a autoridades electas y anuncia trabajo conjunto,Presidente Paz felicita a autoridades electas y anuncia trabajo conjunto. Noticia publicada por ABI.,tecnologia,14,100,4,Presidente;Paz;felicita;autoridades;electas;anuncia;trabajo;conjunto
BO-R-0023,Al 90% del conteo rápido: JP Velasco y Otto Ritter se perfilan a segunda vuelta por la Gobernación de Santa Cruz,Al 90% del conteo rápido: JP Velasco y Otto Ritter se perfilan a segunda vuelta por la Gobernación de Santa Cruz. Noticia publicada por ABI.,ABI,https://abi.bo/page/158/,https://abi.bo/page/158/,2026-03-22,Bolivia,es,REAL,ABI,https://abi.bo/page/158/,"La noticia aparece en un índice de publicaciones de la Agencia Boliviana de Información (ABI), con título y fecha visibles.",2fbab9852161b3b1948b6ce1e9e3722b87cd70ffc95f5748793ef37d7cc34514,ABI-R-0023,SG-R-0023,v1.0,verified,unresolved,resolved,al 90 del conteo rapido jp velasco y otto ritter se perfilan a segunda vuelta por la gobernacion de santa cruz,Al 90% del conteo rápido: JP Velasco y Otto Ritter se perfilan a segunda vuelta por la Gobernación de Santa Cruz. Noticia publicada por ABI.,tecnologia,25,140,8,conteo;rápido;Velasco;Otto;Ritter;perfilan;segunda;vuelta
BO-R-0024,«Mamen» Saavedra obtiene ventaja del 71% en conteo rápido y perfila su triunfo en Santa Cruz,«Mamen» Saavedra obtiene ventaja del 71% en conteo rápido y perfila su triunfo en Santa Cruz. Noticia publicada por ABI.,ABI,https://abi.bo/page/158/,https://abi.bo/page/158/,2026-03-22,Bolivia,es,REAL,ABI,https://abi.bo/page/158/,"La noticia aparece en un índice de publicaciones de la Agencia Boliviana de Información (ABI), con título y fecha visibles.",5fc85fe52ccf8fa9152afcdad556b6d62e42908393b3ffffa95fc09576562bde,ABI-R-0024,SG-R-0024,v1.0,verified,unresolved,resolved,mamen saavedra obtiene ventaja del 71 en conteo rapido y perfila su triunfo en santa cruz,«Mamen» Saavedra obtiene ventaja del 71% en conteo rápido y perfila su triunfo en Santa Cruz. Noticia publicada por ABI.,tecnologia,20,120,6,Mamen;Saavedra;obtiene;ventaja;conteo;rápido;perfila;triunfo
BO-R-0025,"Lluvias persisten en el país: La Paz enfrenta derrumbes, ríos crecidos y rutas colapsadas","Lluvias persisten en el país: La Paz enfrenta derrumbes, ríos crecidos y rutas colapsadas. Noticia publicada por ABI.",ABI,https://abi.bo/page/182/,https://abi.bo/page/182/,2026-03-29,Bolivia,es,REAL,ABI,https://abi.bo/page/182/,"La noticia aparece en un índice de publicaciones de la Agencia Boliviana de Información (ABI), con título y fecha visibles.",d92141573f8597c3635a2a88c6a176f7f6be183fd081710ce1ce2bc7bea14e9b,ABI-R-0025,SG-R-0025,v1.0,verified,unresolved,resolved,lluvias persisten en el pais la paz enfrenta derrumbes rios crecidos y rutas colapsadas,"Lluvias persisten en el país: La Paz enfrenta derrumbes, ríos crecidos y rutas colapsadas. Noticia publicada por ABI.",tecnologia,18,117,5,Lluvias;persisten;país;Paz;enfrenta;derrumbes;ríos;crecidos
BO-R-0026,ABC habilita paso en el tramo La Angostura – Samaipata y pide precaución,ABC habilita paso en el tramo La Angostura – Samaipata y pide precaución. Noticia publicada por ABI.,ABI,https://abi.bo/page/182/,https://abi.bo/page/182/,2026-03-30,Bolivia,es,REAL,ABI,https://abi.bo/page/182/,"La noticia aparece en un índice de publicaciones de la Agencia Boliviana de Información (ABI), con título y fecha visibles.",f80ebeb467c384f9fd6a1438c7b4e6a649624f554d003cf922b62b1e624320df,ABI-R-0026,SG-R-0026,v1.0,verified,unresolved,resolved,abc habilita paso en el tramo la angostura samaipata y pide precaucion,ABC habilita paso en el tramo La Angostura – Samaipata y pide precaución. Noticia publicada por ABI.,tecnologia,17,100,5,ABC;habilita;paso;tramo;Angostura;Samaipata;pide;precaución
BO-R-0027,"Más de Bs. 2,5 millones se desembolsarán hasta este miércoles para compensar a usuarios afectados por calidad de combustible","Más de Bs. 2,5 millones se desembolsarán hasta este miércoles para compensar a usuarios afectados por calidad de combustible. Noticia publicada por ABI.",ABI,https://abi.bo/page/152/,https://abi.bo/page/152/,2026-03-24,Bolivia,es,REAL,ABI,https://abi.bo/page/152/,"La noticia aparece en un índice de publicaciones de la Agencia Boliviana de Información (ABI), con título y fecha visibles.",a17893dc8d7d548750eeabd1f7b4125ee2d3dba92d0e9298d3f6b7207d2eb6fa,ABI-R-0027,SG-R-0027,v1.0,verified,unresolved,resolved,mas de bs 2 5 millones se desembolsaran hasta este miercoles para compensar a usuarios afectados por calidad de combustible,"Más de Bs. 2,5 millones se desembolsarán hasta este miércoles para compensar a usuarios afectados por calidad de combustible. Noticia publicada por ABI.",tecnologia,23,152,7,Más;millones;desembolsarán;hasta;miércoles;compensar;usuarios;afectados
BO-R-0028,S&P Global Ratings eleva la calificación crediticia de Bolivia a CCC+ con perspectiva estable,S&P Global Ratings eleva la calificación crediticia de Bolivia a CCC+ con perspectiva estable. Noticia publicada por ABI.,ABI,https://abi.bo/page/152/,https://abi.bo/page/152/,2026-03-24,Bolivia,es,REAL,ABI,https://abi.bo/page/152/,"La noticia aparece en un índice de publicaciones de la Agencia Boliviana de Información (ABI), con título y fecha visibles.",74098a9cd2cc9d24adccf6c7249f38d8777a8e6b66b200bd217e1ea29d7721aa,ABI-R-0028,SG-R-0028,v1.0,verified,unresolved,resolved,s p global ratings eleva la calificacion crediticia de bolivia a ccc con perspectiva estable,S&P Global Ratings eleva la calificación crediticia de Bolivia a CCC+ con perspectiva estable. Noticia publicada por ABI.,tecnologia,18,121,5,Global;Ratings;eleva;calificación;crediticia;CCC;perspectiva;estable
BO-R-0029,Primera Dama pide cerrar brechas digitales y promover acceso a tecnología con educación y protección,Primera Dama pide cerrar brechas digitales y promover acceso a tecnología con educación y protección. Noticia publicada por ABI.,ABI,https://abi.bo/page/152/,https://abi.bo/page/152/,2026-03-24,Bolivia,es,REAL,ABI,https://abi.bo/page/152/,"La noticia aparece en un índice de publicaciones de la Agencia Boliviana de Información (ABI), con título y fecha visibles.",ea1e9a68e24d231f4474d5687fb66b0017e1b3bbf1aef8837d56d60e65847e4e,ABI-R-0029,SG-R-0029,v1.0,verified,unresolved,resolved,primera dama pide cerrar brechas digitales y promover acceso a tecnologia con educacion y proteccion,Primera Dama pide cerrar brechas digitales y promover acceso a tecnología con educación y protección. Noticia publicada por ABI.,educacion,19,128,6,Primera;Dama;pide;cerrar;brechas;digitales;promover;acceso
BO-R-0030,Paz apuesta por liberar las tarjetas de crédito para activar su propuesta de “Capitalismo para todos”,Paz apuesta por liberar las tarjetas de crédito para activar su propuesta de “Capitalismo para todos”. Noticia publicada por ABI.,ABI,https://abi.bo/page/202/,https://abi.bo/page/202/,2026-04-06,Bolivia,es,REAL,ABI,https://abi.bo/page/202/,"La noticia aparece en un índice de publicaciones de la Agencia Boliviana de Información (ABI), con título y fecha visibles.",023de691a0ca687b55c88048bdbfaf009f1378646ba5ad61466cc0d09cfffb47,ABI-R-0030,SG-R-0030,v1.0,verified,unresolved,resolved,paz apuesta por liberar las tarjetas de credito para activar su propuesta de capitalismo para todos,Paz apuesta por liberar las tarjetas de crédito para activar su propuesta de “Capitalismo para todos”. Noticia publicada por ABI.,tecnologia,20,129,6,Paz;apuesta;liberar;tarjetas;crédito;activar;propuesta;Capitalismo
BO-R-0031,"Hasta este lunes, 5.111 vehículos reciben compensaciones por gasolina desestabilizada, según YPFB","Hasta este lunes, 5.111 vehículos reciben compensaciones por gasolina desestabilizada, según YPFB. Noticia publicada por ABI.",ABI,https://abi.bo/page/202/,https://abi.bo/page/202/,2026-04-06,Bolivia,es,REAL,ABI,https://abi.bo/page/202/,"La noticia aparece en un índice de publicaciones de la Agencia Boliviana de Información (ABI), con título y fecha visibles.",d4346f4faec358a57ec8be1d2dcd7fb320417cebd75557e9900d640449a846e5,ABI-R-0031,SG-R-0031,v1.0,verified,unresolved,resolved,hasta este lunes 5 111 vehiculos reciben compensaciones por gasolina desestabilizada segun ypfb,"Hasta este lunes, 5.111 vehículos reciben compensaciones por gasolina desestabilizada, según YPFB. Noticia publicada por ABI.",tecnologia,16,125,5,Hasta;lunes;111;vehículos;reciben;compensaciones;gasolina;desestabilizada
BO-R-0032,Autorizan el uso de tarjetas de crédito y débito para compras en el exterior con tipo de cambio referencial,Autorizan el uso de tarjetas de crédito y débito para compras en el exterior con tipo de cambio referencial. Noticia publicada por ABI.,ABI,https://abi.bo/page/202/,https://abi.bo/page/202/,2026-04-06,Bolivia,es,REAL,ABI,https://abi.bo/page/202/,"La noticia aparece en un índice de publicaciones de la Agencia Boliviana de Información (ABI), con título y fecha visibles.",5abae4a4d4c64f59af8e2f1e3b3a0386d4e66855f041315dbd9e8c80108763b8,ABI-R-0032,SG-R-0032,v1.0,verified,unresolved,resolved,autorizan el uso de tarjetas de credito y debito para compras en el exterior con tipo de cambio referencial,Autorizan el uso de tarjetas de crédito y débito para compras en el exterior con tipo de cambio referencial. Noticia publicada por ABI.,tecnologia,23,135,7,Autorizan;uso;tarjetas;crédito;débito;compras;exterior;tipo
BO-R-0033,ABC consigue Bs 15 millones de Fonplata para atender emergencia vial en Tarija,ABC consigue Bs 15 millones de Fonplata para atender emergencia vial en Tarija. Noticia publicada por ABI.,ABI,https://abi.bo/page/202/,https://abi.bo/page/202/,2026-04-06,Bolivia,es,REAL,ABI,https://abi.bo/page/202/,"La noticia aparece en un índice de publicaciones de la Agencia Boliviana de Información (ABI), con título y fecha visibles.",63ead19f5e0ccfaa70de3056d9119a5af9bbbbd13f207cbaee14ba6185ef8f72,ABI-R-0033,SG-R-0033,v1.0,verified,unresolved,resolved,abc consigue bs 15 millones de fonplata para atender emergencia vial en tarija,ABC consigue Bs 15 millones de Fonplata para atender emergencia vial en Tarija. Noticia publicada por ABI.,tecnologia,17,106,5,ABC;consigue;millones;Fonplata;atender;emergencia;vial;Tarija
BO-R-0034,Gobierno presentará el PGE 2026 tras las subnacionales y en coordinación con nuevas autoridades,Gobierno presentará el PGE 2026 tras las subnacionales y en coordinación con nuevas autoridades. Noticia publicada por ABI.,ABI,https://abi.bo/page/202/,https://abi.bo/page/202/,2026-02-04,Bolivia,es,REAL,ABI,https://abi.bo/page/202/,"La noticia aparece en un índice de publicaciones de la Agencia Boliviana de Información (ABI), con título y fecha visibles.",5f60f3bef67b90b4a0bad485267643331ed161410e7b198c08321f1d3697694d,ABI-R-0034,SG-R-0034,v1.0,verified,unresolved,resolved,gobierno presentara el pge 2026 tras las subnacionales y en coordinacion con nuevas autoridades,Gobierno presentará el PGE 2026 tras las subnacionales y en coordinación con nuevas autoridades. Noticia publicada por ABI.,tecnologia,18,123,5,Gobierno;presentará;PGE;2026;tras;subnacionales;coordinación;nuevas
BO-R-0035,Bolivia y Brasil alistan encuentro gubernamental y empresarial para fortalecer integración,Bolivia y Brasil alistan encuentro gubernamental y empresarial para fortalecer integración. Noticia publicada por ABI.,ABI,https://abi.bo/page/202/,https://abi.bo/page/202/,2026-01-29,Bolivia,es,REAL,ABI,https://abi.bo/page/202/,"La noticia aparece en un índice de publicaciones de la Agencia Boliviana de Información (ABI), con título y fecha visibles.",e1d131794ce2a5fc35d454ea605ea7745ef929f566e1bcfbd4647db8322b2881,ABI-R-0035,SG-R-0035,v1.0,verified,unresolved,resolved,bolivia y brasil alistan encuentro gubernamental y empresarial para fortalecer integracion,Bolivia y Brasil alistan encuentro gubernamental y empresarial para fortalecer integración. Noticia publicada por ABI.,tecnologia,15,118,4,Brasil;alistan;encuentro;gubernamental;empresarial;fortalecer;integración;tecnologia
BO-R-0036,Presidente Paz agradece a la población y señala que le devolverá la tranquilidad y estabilidad a Bolivia,Presidente Paz agradece a la población y señala que le devolverá la tranquilidad y estabilidad a Bolivia. Noticia publicada por ABI.,ABI,https://abi.bo/page/151/,https://abi.bo/page/151/,2026-06-07,Bolivia,es,REAL,ABI,https://abi.bo/page/151/,"La noticia aparece en un índice de publicaciones de la Agencia Boliviana de Información (ABI), con título y fecha visibles.",c5a382f8cfcc50acd8b91687dbe6caae6d02987271fcf63d3ced0d83918d47cf,ABI-R-0036,SG-R-0036,v1.0,verified,unresolved,resolved,presidente paz agradece a la poblacion y senala que le devolvera la tranquilidad y estabilidad a bolivia,Presidente Paz agradece a la población y señala que le devolverá la tranquilidad y estabilidad a Bolivia. Noticia publicada por ABI.,tecnologia,21,132,6,Presidente;Paz;agradece;población;señala;devolverá;tranquilidad;estabilidad
BO-R-0037,Más de 1 millón de litros de gasolina y 40 mil garrafas de GLP ingresaron a La Paz y El Alto pese a los bloqueos,Más de 1 millón de litros de gasolina y 40 mil garrafas de GLP ingresaron a La Paz y El Alto pese a los bloqueos. Noticia publicada por ABI.,ABI,https://abi.bo/page/151/,https://abi.bo/page/151/,2026-06-07,Bolivia,es,REAL,ABI,https://abi.bo/page/151/,"La noticia aparece en un índice de publicaciones de la Agencia Boliviana de Información (ABI), con título y fecha visibles.",6f69b6cd7d980ea3fb7a7135a812451871b262dc29605b5a6038176c38e9a4ae,ABI-R-0037,SG-R-0037,v1.0,verified,unresolved,resolved,mas de 1 millon de litros de gasolina y 40 mil garrafas de glp ingresaron a la paz y el alto pese a los bloqueos,Más de 1 millón de litros de gasolina y 40 mil garrafas de GLP ingresaron a La Paz y El Alto pese a los bloqueos. Noticia publicada por ABI.,tecnologia,29,140,9,Más;millón;litros;gasolina;mil;garrafas;GLP;ingresaron
BO-R-0038,Sube a 15 los feminicidios en La Paz y suman 37 en todo el país,Sube a 15 los feminicidios en La Paz y suman 37 en todo el país. Noticia publicada por ABI.,ABI,https://abi.bo/page/151/,https://abi.bo/page/151/,2026-06-07,Bolivia,es,REAL,ABI,https://abi.bo/page/151/,"La noticia aparece en un índice de publicaciones de la Agencia Boliviana de Información (ABI), con título y fecha visibles.",4312c8e81be33a17cf020bc4feac3ac135ea80a2ce18b772b0fa71694d39fef0,ABI-R-0038,SG-R-0038,v1.0,verified,unresolved,resolved,sube a 15 los feminicidios en la paz y suman 37 en todo el pais,Sube a 15 los feminicidios en La Paz y suman 37 en todo el país. Noticia publicada por ABI.,tecnologia,19,91,6,Sube;feminicidios;Paz;suman;todo;país;tecnologia;ABI
BO-R-0039,Diputados sanciona Ley de Regulación de Estados de Excepción y lo remite al Ejecutivo,Diputados sanciona Ley de Regulación de Estados de Excepción y lo remite al Ejecutivo. Noticia publicada por ABI.,ABI,https://abi.bo/page/151/,https://abi.bo/page/151/,2026-06-07,Bolivia,es,REAL,ABI,https://abi.bo/page/151/,"La noticia aparece en un índice de publicaciones de la Agencia Boliviana de Información (ABI), con título y fecha visibles.",0b79b37d18f45c5fa0356f3d7a7f49998ed6e91b3ceae81a71421ab42315e850,ABI-R-0039,SG-R-0039,v1.0,verified,unresolved,resolved,diputados sanciona ley de regulacion de estados de excepcion y lo remite al ejecutivo,Diputados sanciona Ley de Regulación de Estados de Excepción y lo remite al Ejecutivo. Noticia publicada por ABI.,tecnologia,18,113,5,Diputados;sanciona;Ley;Regulación;Estados;Excepción;remite;Ejecutivo
BO-R-0040,Confirman llegada de 7 toneladas de carne de pollo para El Alto,Confirman llegada de 7 toneladas de carne de pollo para El Alto. Noticia publicada por ABI.,ABI,https://abi.bo/page/151/,https://abi.bo/page/151/,2026-06-06,Bolivia,es,REAL,ABI,https://abi.bo/page/151/,"La noticia aparece en un índice de publicaciones de la Agencia Boliviana de Información (ABI), con título y fecha visibles.",b80e1ab08ff5e43e98f2ddd70d778cb361f89851725edc6d6515a086f94bd772,ABI-R-0040,SG-R-0040,v1.0,verified,unresolved,resolved,confirman llegada de 7 toneladas de carne de pollo para el alto,Confirman llegada de 7 toneladas de carne de pollo para El Alto. Noticia publicada por ABI.,tecnologia,16,91,5,Confirman;llegada;toneladas;carne;pollo;Alto;tecnologia;ABI
BO-R-0041,ABC verifica avance de obra en la carretera Okinawa – Los Troncos,ABC verifica avance de obra en la carretera Okinawa – Los Troncos. Noticia publicada por ABI.,ABI,https://abi.bo/page/151/,https://abi.bo/page/151/,2026-06-06,Bolivia,es,REAL,ABI,https://abi.bo/page/151/,"La noticia aparece en un índice de publicaciones de la Agencia Boliviana de Información (ABI), con título y fecha visibles.",eaa19834413b954afadf61c32c6cf9c9d7740eb3e28336a11134fb61e3e714f5,ABI-R-0041,SG-R-0041,v1.0,verified,unresolved,resolved,abc verifica avance de obra en la carretera okinawa los troncos,ABC verifica avance de obra en la carretera Okinawa – Los Troncos. Noticia publicada por ABI.,tecnologia,16,93,5,ABC;verifica;avance;obra;carretera;Okinawa;Troncos;tecnologia
BO-R-0042,Ingresan cisternas de oxígeno medicinal para La Paz y El Alto,Ingresan cisternas de oxígeno medicinal para La Paz y El Alto. Noticia publicada por ABI.,ABI,https://abi.bo/page/151/,https://abi.bo/page/151/,2026-06-06,Bolivia,es,REAL,ABI,https://abi.bo/page/151/,"La noticia aparece en un índice de publicaciones de la Agencia Boliviana de Información (ABI), con título y fecha visibles.",3425466f16b8ddfd07ae87c68d1594fbd4664cf9129876e916b3d32e3358e7d4,ABI-R-0042,SG-R-0042,v1.0,verified,unresolved,resolved,ingresan cisternas de oxigeno medicinal para la paz y el alto,Ingresan cisternas de oxígeno medicinal para La Paz y El Alto. Noticia publicada por ABI.,salud,15,89,4,Ingresan;cisternas;oxígeno;medicinal;Paz;Alto;salud;ABI
BO-R-0043,Trasladan 13 toneladas de huevo de Santa Cruz a La Paz mediante puente aéreo,Trasladan 13 toneladas de huevo de Santa Cruz a La Paz mediante puente aéreo. Noticia publicada por ABI.,ABI,https://abi.bo/page/151/,https://abi.bo/page/151/,2026-06-06,Bolivia,es,REAL,ABI,https://abi.bo/page/151/,"La noticia aparece en un índice de publicaciones de la Agencia Boliviana de Información (ABI), con título y fecha visibles.",d8b9d95ac49f91654df2c0c0dad27c6b985b46febeaab2a4e2c245273fd058ff,ABI-R-0043,SG-R-0043,v1.0,verified,unresolved,resolved,trasladan 13 toneladas de huevo de santa cruz a la paz mediante puente aereo,Trasladan 13 toneladas de huevo de Santa Cruz a La Paz mediante puente aéreo. Noticia publicada por ABI.,tecnologia,18,104,5,Trasladan;toneladas;huevo;Santa;Cruz;Paz;mediante;puente
BO-R-0044,Operativo militar-policial desbloquea la ruta Río Abajo-La Paz,Operativo militar-policial desbloquea la ruta Río Abajo-La Paz. Noticia publicada por ABI.,ABI,https://abi.bo/page/98/,https://abi.bo/page/98/,2026-06-05,Bolivia,es,REAL,ABI,https://abi.bo/page/98/,"La noticia aparece en un índice de publicaciones de la Agencia Boliviana de Información (ABI), con título y fecha visibles.",826d36cee394fe47a87f7e165fb0d8521751497aabfd03a5f4b57c778c9d125f,ABI-R-0044,SG-R-0044,v1.0,verified,unresolved,resolved,operativo militar policial desbloquea la ruta rio abajo la paz,Operativo militar-policial desbloquea la ruta Río Abajo-La Paz. Noticia publicada por ABI.,tecnologia,12,90,4,Operativo;militar;policial;desbloquea;ruta;Río;Abajo;Paz
BO-R-0045,Senado aprueba en grande y en detalle la reglamentación de los estados de excepción con enfoque de acción humanitaria,Senado aprueba en grande y en detalle la reglamentación de los estados de excepción con enfoque de acción humanitaria. Noticia publicada por ABI.,ABI,https://abi.bo/page/98/,https://abi.bo/page/98/,2026-06-04,Bolivia,es,REAL,ABI,https://abi.bo/page/98/,"La noticia aparece en un índice de publicaciones de la Agencia Boliviana de Información (ABI), con título y fecha visibles.",9fda80e2692399b69033ba5da5701609ce54126ac4bb30997161ec217522be3c,ABI-R-0045,SG-R-0045,v1.0,verified,unresolved,resolved,senado aprueba en grande y en detalle la reglamentacion de los estados de excepcion con enfoque de accion humanitaria,Senado aprueba en grande y en detalle la reglamentación de los estados de excepción con enfoque de acción humanitaria. Noticia publicada por ABI.,tecnologia,23,145,7,Senado;aprueba;grande;detalle;reglamentación;estados;excepción;enfoque
BO-R-0046,Este viernes se definirá la situación jurídica de ejecutivo de YPFB investigado por gasolina desestabilizada,Este viernes se definirá la situación jurídica de ejecutivo de YPFB investigado por gasolina desestabilizada. Noticia publicada por ABI.,ABI,https://abi.bo/page/98/,https://abi.bo/page/98/,2026-06-04,Bolivia,es,REAL,ABI,https://abi.bo/page/98/,"La noticia aparece en un índice de publicaciones de la Agencia Boliviana de Información (ABI), con título y fecha visibles.",402e17cebb65689db430a8c36bdda8fccc4f7d90db48a123d919bf3bde739841,ABI-R-0046,SG-R-0046,v1.0,verified,unresolved,resolved,este viernes se definira la situacion juridica de ejecutivo de ypfb investigado por gasolina desestabilizada,Este viernes se definirá la situación jurídica de ejecutivo de YPFB investigado por gasolina desestabilizada. Noticia publicada por ABI.,tecnologia,19,136,6,viernes;definirá;situación;jurídica;ejecutivo;YPFB;investigado;gasolina
BO-R-0047,Cámara de Senadores aprueba en grande el proyecto de ley de reglamentación de los estados de excepción,Cámara de Senadores aprueba en grande el proyecto de ley de reglamentación de los estados de excepción. Noticia publicada por ABI.,ABI,https://abi.bo/page/98/,https://abi.bo/page/98/,2026-06-04,Bolivia,es,REAL,ABI,https://abi.bo/page/98/,"La noticia aparece en un índice de publicaciones de la Agencia Boliviana de Información (ABI), con título y fecha visibles.",cda8d92f82ac418f19b89efda0ace3b9b584835d0af728891c65f69b639d70e2,ABI-R-0047,SG-R-0047,v1.0,verified,unresolved,resolved,camara de senadores aprueba en grande el proyecto de ley de reglamentacion de los estados de excepcion,Cámara de Senadores aprueba en grande el proyecto de ley de reglamentación de los estados de excepción. Noticia publicada por ABI.,tecnologia,21,130,6,Cámara;Senadores;aprueba;grande;proyecto;ley;reglamentación;estados
BO-R-0048,Marco Rubio ofrece al presidente Paz intensificar asistencia médica y de alimentos ante bloqueos,Marco Rubio ofrece al presidente Paz intensificar asistencia médica y de alimentos ante bloqueos. Noticia publicada por ABI.,ABI,https://abi.bo/page/98/,https://abi.bo/page/98/,2026-06-04,Bolivia,es,REAL,ABI,https://abi.bo/page/98/,"La noticia aparece en un índice de publicaciones de la Agencia Boliviana de Información (ABI), con título y fecha visibles.",cd1a01f894e69ff799310348d9fc859c264d81eafbca9c4812a3a0010a8a7b64,ABI-R-0048,SG-R-0048,v1.0,verified,unresolved,resolved,marco rubio ofrece al presidente paz intensificar asistencia medica y de alimentos ante bloqueos,Marco Rubio ofrece al presidente Paz intensificar asistencia médica y de alimentos ante bloqueos. Noticia publicada por ABI.,salud,18,124,5,Marco;Rubio;ofrece;presidente;Paz;intensificar;asistencia;médica
BO-R-0049,Transporte Pesado denuncia cobros de dinero en puntos de bloqueo,Transporte Pesado denuncia cobros de dinero en puntos de bloqueo. Noticia publicada por ABI.,ABI,https://abi.bo/page/83/,https://abi.bo/page/83/,2026-06-19,Bolivia,es,REAL,ABI,https://abi.bo/page/83/,"La noticia aparece en un índice de publicaciones de la Agencia Boliviana de Información (ABI), con título y fecha visibles.",a015c744059e72d1d5cbc1d2091528761499fdf06e8a4350dc021dbfd59111b0,ABI-R-0049,SG-R-0049,v1.0,verified,unresolved,resolved,transporte pesado denuncia cobros de dinero en puntos de bloqueo,Transporte Pesado denuncia cobros de dinero en puntos de bloqueo. Noticia publicada por ABI.,tecnologia,14,92,4,Transporte;Pesado;denuncia;cobros;dinero;puntos;bloqueo;tecnologia
BO-R-0050,Aprueban plan para modernizar y fortalecer la protección de personas refugiadas en Bolivia,Aprueban plan para modernizar y fortalecer la protección de personas refugiadas en Bolivia. Noticia publicada por ABI.,ABI,https://abi.bo/page/83/,https://abi.bo/page/83/,2026-06-19,Bolivia,es,REAL,ABI,https://abi.bo/page/83/,"La noticia aparece en un índice de publicaciones de la Agencia Boliviana de Información (ABI), con título y fecha visibles.",2f62d816519ba0ee5910a91e897d2c54ca82374d677381c168a3faef75587169,ABI-R-0050,SG-R-0050,v1.0,verified,unresolved,resolved,aprueban plan para modernizar y fortalecer la proteccion de personas refugiadas en bolivia,Aprueban plan para modernizar y fortalecer la protección de personas refugiadas en Bolivia. Noticia publicada por ABI.,tecnologia,17,118,5,Aprueban;plan;modernizar;fortalecer;protección;personas;refugiadas;tecnologia
BO-R-0051,Bloqueos: Industria paceña pierde $us 3 millones por día y acumula daños por más de $us 150 millones,Bloqueos: Industria paceña pierde $us 3 millones por día y acumula daños por más de $us 150 millones. Noticia publicada por ABI.,ABI,https://abi.bo/page/83/,https://abi.bo/page/83/,2026-06-19,Bolivia,es,REAL,ABI,https://abi.bo/page/83/,"La noticia aparece en un índice de publicaciones de la Agencia Boliviana de Información (ABI), con título y fecha visibles.",5ac04ff49878344f732f7485a93bcb092cbc47f0b7a53f9532277dbe47434462,ABI-R-0051,SG-R-0051,v1.0,verified,unresolved,resolved,bloqueos industria pacena pierde us 3 millones por dia y acumula danos por mas de us 150 millones,Bloqueos: Industria paceña pierde $us 3 millones por día y acumula daños por más de $us 150 millones. Noticia publicada por ABI.,tecnologia,22,128,7,Bloqueos;Industria;paceña;pierde;millones;día;acumula;daños
BO-R-0052,El Gobierno y la COB firman acuerdo para la pacificación del país,El Gobierno y la COB firman acuerdo para la pacificación del país. Noticia publicada por ABI.,ABI,https://abi.bo/page/333/,https://abi.bo/page/333/,2026-06-19,Bolivia,es,REAL,ABI,https://abi.bo/page/333/,"La noticia aparece en un índice de publicaciones de la Agencia Boliviana de Información (ABI), con título y fecha visibles.",6b26bf54b08beaa6f8e69c717a9b687ed15c197182b41ccf05adc286e5f91649,ABI-R-0052,SG-R-0052,v1.0,verified,unresolved,resolved,el gobierno y la cob firman acuerdo para la pacificacion del pais,El Gobierno y la COB firman acuerdo para la pacificación del país. Noticia publicada por ABI.,tecnologia,16,93,5,Gobierno;COB;firman;acuerdo;pacificación;país;tecnologia;ABI
BO-R-0053,Ferreco y sus centrales desbloquean Turcukala y se restablece la libre circulación,Ferreco y sus centrales desbloquean Turcukala y se restablece la libre circulación. Noticia publicada por ABI.,ABI,https://abi.bo/page/333/,https://abi.bo/page/333/,2026-06-19,Bolivia,es,REAL,ABI,https://abi.bo/page/333/,"La noticia aparece en un índice de publicaciones de la Agencia Boliviana de Información (ABI), con título y fecha visibles.",45d2d77b656a1c9a72ec4b59996dfaa5fadb25984e5f47e548c17abaa39b6f4f,ABI-R-0053,SG-R-0053,v1.0,verified,unresolved,resolved,ferreco y sus centrales desbloquean turcukala y se restablece la libre circulacion,Ferreco y sus centrales desbloquean Turcukala y se restablece la libre circulación. Noticia publicada por ABI.,tecnologia,16,110,5,Ferreco;sus;centrales;desbloquean;Turcukala;restablece;libre;circulación
BO-R-0054,Policía y militares refuerzan el resguardo en Parotani y cruce Tarata por amenazas de bloqueos,Policía y militares refuerzan el resguardo en Parotani y cruce Tarata por amenazas de bloqueos. Noticia publicada por ABI.,ABI,https://abi.bo/page/333/,https://abi.bo/page/333/,2026-06-19,Bolivia,es,REAL,ABI,https://abi.bo/page/333/,"La noticia aparece en un índice de publicaciones de la Agencia Boliviana de Información (ABI), con título y fecha visibles.",594d5b2db4e44563380c5f064d76437e08977d5e6a97365f5c2f5cdb64d0cd3a,ABI-R-0054,SG-R-0054,v1.0,verified,unresolved,resolved,policia y militares refuerzan el resguardo en parotani y cruce tarata por amenazas de bloqueos,Policía y militares refuerzan el resguardo en Parotani y cruce Tarata por amenazas de bloqueos. Noticia publicada por ABI.,tecnologia,19,122,6,Policía;militares;refuerzan;resguardo;Parotani;cruce;Tarata;amenazas
BO-R-0055,Conozca los detalles de la casa en Santa Cruz donde fue capturado el narco Marset,Conozca los detalles de la casa en Santa Cruz donde fue capturado el narco Marset. Noticia publicada por ABI.,ABI,https://abi.bo/page/333/,https://abi.bo/page/333/,2026-06-19,Bolivia,es,REAL,ABI,https://abi.bo/page/333/,"La noticia aparece en un índice de publicaciones de la Agencia Boliviana de Información (ABI), con título y fecha visibles.",6384b153eda856af20dbe25dd3189a73a9d72b1f51a682f0eb121caa3d1da16d,ABI-R-0055,SG-R-0055,v1.0,verified,unresolved,resolved,conozca los detalles de la casa en santa cruz donde fue capturado el narco marset,Conozca los detalles de la casa en Santa Cruz donde fue capturado el narco Marset. Noticia publicada por ABI.,tecnologia,19,109,6,Conozca;detalles;casa;Santa;Cruz;donde;fue;capturado
BO-R-0056,China y Bolivia apuntan a cooperación científica e industrialización de la medicina tradicional herbolaria boliviana,China y Bolivia apuntan a cooperación científica e industrialización de la medicina tradicional herbolaria boliviana. Noticia publicada por ABI.,ABI,https://abi.bo/page/153/,https://abi.bo/page/153/,2026-05-29,Bolivia,es,REAL,ABI,https://abi.bo/page/153/,"La noticia aparece en un índice de publicaciones de la Agencia Boliviana de Información (ABI), con título y fecha visibles.",ecb1f5e2bdf079d982cd0d3ebe16de480a8784b08f4bba7bddb704ebb6bf8c1c,ABI-R-0056,SG-R-0056,v1.0,verified,unresolved,resolved,china y bolivia apuntan a cooperacion cientifica e industrializacion de la medicina tradicional herbolaria boliviana,China y Bolivia apuntan a cooperación científica e industrialización de la medicina tradicional herbolaria boliviana. Noticia publicada por ABI.,salud,19,144,6,China;apuntan;cooperación;científica;industrialización;medicina;tradicional;herbolaria
BO-R-0057,Desde 2017 estaba en planes la implementación de la televisión digital en el país,Desde 2017 estaba en planes la implementación de la televisión digital en el país. Noticia publicada por ABI.,ABI,https://abi.bo/page/153/,https://abi.bo/page/153/,2026-05-29,Bolivia,es,REAL,ABI,https://abi.bo/page/153/,"La noticia aparece en un índice de publicaciones de la Agencia Boliviana de Información (ABI), con título y fecha visibles.",94b12a98aa0afb02c32081ab89fc5cc06e07c9454273c4287e06150cfe7d0fc2,ABI-R-0057,SG-R-0057,v1.0,verified,unresolved,resolved,desde 2017 estaba en planes la implementacion de la television digital en el pais,Desde 2017 estaba en planes la implementación de la televisión digital en el país. Noticia publicada por ABI.,tecnologia,18,109,5,Desde;2017;estaba;planes;implementación;televisión;digital;país
BO-R-0058,Cámara de Transporte de La Paz pide a campesinos un cuarto intermedio en bloqueos,Cámara de Transporte de La Paz pide a campesinos un cuarto intermedio en bloqueos. Noticia publicada por ABI.,ABI,https://abi.bo/page/153/,https://abi.bo/page/153/,2026-05-29,Bolivia,es,REAL,ABI,https://abi.bo/page/153/,"La noticia aparece en un índice de publicaciones de la Agencia Boliviana de Información (ABI), con título y fecha visibles.",5bd3cb82d12ccf72f350ff830f18c357a4d59074e2f7d11a70275e56fba06b37,ABI-R-0058,SG-R-0058,v1.0,verified,unresolved,resolved,camara de transporte de la paz pide a campesinos un cuarto intermedio en bloqueos,Cámara de Transporte de La Paz pide a campesinos un cuarto intermedio en bloqueos. Noticia publicada por ABI.,tecnologia,18,109,5,Cámara;Transporte;Paz;pide;campesinos;cuarto;intermedio;bloqueos
BO-R-0059,Argollo afirma que acudirá al diálogo si las bases se lo autorizan,Argollo afirma que acudirá al diálogo si las bases se lo autorizan. Noticia publicada por ABI.,ABI,https://abi.bo/page/153/,https://abi.bo/page/153/,2026-05-29,Bolivia,es,REAL,ABI,https://abi.bo/page/153/,"La noticia aparece en un índice de publicaciones de la Agencia Boliviana de Información (ABI), con título y fecha visibles.",b19980f5c3366b1e88a33510da79662811b9c25f738d94aa321073c19029f265,ABI-R-0059,SG-R-0059,v1.0,verified,unresolved,resolved,argollo afirma que acudira al dialogo si las bases se lo autorizan,Argollo afirma que acudirá al diálogo si las bases se lo autorizan. Noticia publicada por ABI.,tecnologia,16,94,5,Argollo;afirma;acudirá;diálogo;bases;autorizan;tecnologia;ABI
BO-R-0060,Gobierno asegura que el Decreto 5654 es una solicitud de los trabajadores y no vulnera la libertad sindical,Gobierno asegura que el Decreto 5654 es una solicitud de los trabajadores y no vulnera la libertad sindical. Noticia publicada por ABI.,ABI,https://abi.bo/page/44/,https://abi.bo/page/44/,2026-07-14,Bolivia,es,REAL,ABI,https://abi.bo/page/44/,"La noticia aparece en un índice de publicaciones de la Agencia Boliviana de Información (ABI), con título y fecha visibles.",a44c58b144b6cdf55f793a2b7eb6342d9ddb353d27e863880d82db135e1adca9,ABI-R-0060,SG-R-0060,v1.0,verified,unresolved,resolved,gobierno asegura que el decreto 5654 es una solicitud de los trabajadores y no vulnera la libertad sindical,Gobierno asegura que el Decreto 5654 es una solicitud de los trabajadores y no vulnera la libertad sindical. Noticia publicada por ABI.,tecnologia,22,135,7,Gobierno;asegura;Decreto;5654;solicitud;trabajadores;vulnera;libertad
BO-R-0061,"Paz estará presente en sesión de honor, encendido de tea y ofrenda floral por el aniversario de La Paz","Paz estará presente en sesión de honor, encendido de tea y ofrenda floral por el aniversario de La Paz. Noticia publicada por ABI.",ABI,https://abi.bo/page/44/,https://abi.bo/page/44/,2026-07-14,Bolivia,es,REAL,ABI,https://abi.bo/page/44/,"La noticia aparece en un índice de publicaciones de la Agencia Boliviana de Información (ABI), con título y fecha visibles.",a5abcd1334c30a1337dd0e4a95966ad70c7779e6c4c1e63733c4fdca84e950ac,ABI-R-0061,SG-R-0061,v1.0,verified,unresolved,resolved,paz estara presente en sesion de honor encendido de tea y ofrenda floral por el aniversario de la paz,"Paz estará presente en sesión de honor, encendido de tea y ofrenda floral por el aniversario de La Paz. Noticia publicada por ABI.",tecnologia,23,130,7,Paz;estará;presente;sesión;honor;encendido;tea;ofrenda
BO-R-0062,Presidente Paz convoca a gobernadores a una reunión en Sucre para el 5 de agosto,Presidente Paz convoca a gobernadores a una reunión en Sucre para el 5 de agosto. Noticia publicada por ABI.,ABI,https://abi.bo/page/44/,https://abi.bo/page/44/,2026-07-14,Bolivia,es,REAL,ABI,https://abi.bo/page/44/,"La noticia aparece en un índice de publicaciones de la Agencia Boliviana de Información (ABI), con título y fecha visibles.",bba68bdfc972e7e74e65806366dc813f0c38b18d34242fee5e23609664ad8a31,ABI-R-0062,SG-R-0062,v1.0,verified,unresolved,resolved,presidente paz convoca a gobernadores a una reunion en sucre para el 5 de agosto,Presidente Paz convoca a gobernadores a una reunión en Sucre para el 5 de agosto. Noticia publicada por ABI.,tecnologia,19,108,6,Presidente;Paz;convoca;gobernadores;reunión;Sucre;agosto;tecnologia
BO-R-0063,Posesionan a Roberto Rivero como nuevo viceministro de Defensa Civil,Posesionan a Roberto Rivero como nuevo viceministro de Defensa Civil. Noticia publicada por ABI.,ABI,https://abi.bo/page/44/,https://abi.bo/page/44/,2026-07-14,Bolivia,es,REAL,ABI,https://abi.bo/page/44/,"La noticia aparece en un índice de publicaciones de la Agencia Boliviana de Información (ABI), con título y fecha visibles.",12c7a22b1862d74959122be6484677e7aceabf9a36bf02edf3df92c672c62614,ABI-R-0063,SG-R-0063,v1.0,verified,unresolved,resolved,posesionan a roberto rivero como nuevo viceministro de defensa civil,Posesionan a Roberto Rivero como nuevo viceministro de Defensa Civil. Noticia publicada por ABI.,tecnologia,14,96,4,Posesionan;Roberto;Rivero;nuevo;viceministro;Defensa;Civil;tecnologia
BO-R-0064,Gobierno entrega drones a la Policía Boliviana para modernizar las tareas de seguridad,Gobierno entrega drones a la Policía Boliviana para modernizar las tareas de seguridad. Noticia publicada por ABI.,ABI,https://abi.bo/page/44/,https://abi.bo/page/44/,2026-07-14,Bolivia,es,REAL,ABI,https://abi.bo/page/44/,"La noticia aparece en un índice de publicaciones de la Agencia Boliviana de Información (ABI), con título y fecha visibles.",8baf423784fade0830a89e85214691c1a4a69957d50c968ed671193d5c5f00f7,ABI-R-0064,SG-R-0064,v1.0,verified,unresolved,resolved,gobierno entrega drones a la policia boliviana para modernizar las tareas de seguridad,Gobierno entrega drones a la Policía Boliviana para modernizar las tareas de seguridad. Noticia publicada por ABI.,tecnologia,17,114,5,Gobierno;entrega;drones;Policía;Boliviana;modernizar;tareas;seguridad
BO-FX-0001,Es falso que Evo Morales retó a Donald Trump a que lo capturen,Es falso que Evo Morales retó a Donald Trump a que lo capturen. La verificación publicada por ChequeaBolivia clasifica la afirmación o contenido como falso y documenta evidencia de contraste.,ChequeaBolivia,https://www.chequeabolivia.bo/es-falso-que-evo-morales-reto-donald-trump-que-lo-capturen,https://www.chequeabolivia.bo/es-falso-que-evo-morales-reto-donald-trump-que-lo-capturen,2026-01-06,Bolivia,es,FAKE,ChequeaBolivia,https://www.chequeabolivia.bo/es-falso-que-evo-morales-reto-donald-trump-que-lo-capturen,La verificación publicada por ChequeaBolivia clasifica la afirmación o contenido como falso y documenta evidencia de contraste.,5cfde7f756088f82365dc59a7686894b3ea68d1494fbe39b689f94ef8f5ea0ec,CB-FX-0001,SG-FX-0001,v1.0,verified,active,resolved,es falso que evo morales reto a donald trump a que lo capturen,Es falso que Evo Morales retó a Donald Trump a que lo capturen. La verificación publicada por ChequeaBolivia clasifica la afirmación o contenido como falso y documenta evidencia de contraste.,tecnologia,30,191,9,Evo;Morales;retó;Donald;Trump;capturen;tecnologia;ChequeaBolivia
BO-FX-0002,Es falso que Evo Morales está habilitado para las elecciones generales 2025,Es falso que Evo Morales está habilitado para las elecciones generales 2025. La verificación publicada por ChequeaBolivia clasifica la afirmación o contenido como falso y documenta evidencia de contraste.,ChequeaBolivia,https://www.chequeabolivia.bo/es-falso-que-evo-morales-esta-habilitado-para-las-elecciones-generales-2025,https://www.chequeabolivia.bo/es-falso-que-evo-morales-esta-habilitado-para-las-elecciones-generales-2025,2025-08-08,Bolivia,es,FAKE,ChequeaBolivia,https://www.chequeabolivia.bo/es-falso-que-evo-morales-esta-habilitado-para-las-elecciones-generales-2025,La verificación publicada por ChequeaBolivia clasifica la afirmación o contenido como falso y documenta evidencia de contraste.,adc4b01b76a4cb01ce64c0655940ce2cbb1bd595287942fb9071c287d3132d2c,CB-FX-0002,SG-FX-0002,v1.0,verified,active,resolved,es falso que evo morales esta habilitado para las elecciones generales 2025,Es falso que Evo Morales está habilitado para las elecciones generales 2025. La verificación publicada por ChequeaBolivia clasifica la afirmación o contenido como falso y documenta evidencia de contraste.,tecnologia,29,204,9,Evo;Morales;está;habilitado;elecciones;generales;2025;tecnologia
BO-FX-0003,Es falso que Harold Lora sea candidato a concejal en La Paz por APB Súmate,Es falso que Harold Lora sea candidato a concejal en La Paz por APB Súmate. La verificación publicada por ChequeaBolivia clasifica la afirmación o contenido como falso y documenta evidencia de contraste.,ChequeaBolivia,https://www.chequeabolivia.bo/es-falso-que-harold-lora-sea-candidato-concejal-en-la-paz-por-apb-sumate,https://www.chequeabolivia.bo/es-falso-que-harold-lora-sea-candidato-concejal-en-la-paz-por-apb-sumate,2026-01-14,Bolivia,es,FAKE,ChequeaBolivia,https://www.chequeabolivia.bo/es-falso-que-harold-lora-sea-candidato-concejal-en-la-paz-por-apb-sumate,La verificación publicada por ChequeaBolivia clasifica la afirmación o contenido como falso y documenta evidencia de contraste.,136020cf0184ac6211e790efd09381a3f84a1e2fb56a15e4ac99fa8d3dd48550,CB-FX-0003,SG-FX-0003,v1.0,verified,active,resolved,es falso que harold lora sea candidato a concejal en la paz por apb sumate,Es falso que Harold Lora sea candidato a concejal en La Paz por APB Súmate. La verificación publicada por ChequeaBolivia clasifica la afirmación o contenido como falso y documenta evidencia de contraste.,tecnologia,32,203,10,Harold;Lora;sea;candidato;concejal;Paz;APB;Súmate
BO-FX-0004,La encuesta que posiciona a Jhonny Plata como favorito a la Alcaldía de La Paz es falsa,La encuesta que posiciona a Jhonny Plata como favorito a la Alcaldía de La Paz es falsa. La verificación publicada por ChequeaBolivia clasifica la afirmación o contenido como falso y documenta evidencia de contraste.,ChequeaBolivia,https://www.chequeabolivia.bo/la-encuesta-que-posiciona-jhonny-plata-como-favorito-la-alcaldia-de-la-paz-es-falsa,https://www.chequeabolivia.bo/la-encuesta-que-posiciona-jhonny-plata-como-favorito-la-alcaldia-de-la-paz-es-falsa,2026-03-04,Bolivia,es,FAKE,ChequeaBolivia,https://www.chequeabolivia.bo/la-encuesta-que-posiciona-jhonny-plata-como-favorito-la-alcaldia-de-la-paz-es-falsa,La verificación publicada por ChequeaBolivia clasifica la afirmación o contenido como falso y documenta evidencia de contraste.,50f609591394af2c7e05bdbe27bec026cb16473dcf8b70efdc009cc6236ff3a7,CB-FX-0004,SG-FX-0004,v1.0,verified,active,resolved,la encuesta que posiciona a jhonny plata como favorito a la alcaldia de la paz es falsa,La encuesta que posiciona a Jhonny Plata como favorito a la Alcaldía de La Paz es falsa. La verificación publicada por ChequeaBolivia clasifica la afirmación o contenido como falso y documenta evidencia de contraste.,tecnologia,34,216,10,encuesta;posiciona;Jhonny;Plata;favorito;Alcaldía;Paz;tecnologia
BO-FX-0005,Es falso que Rodrigo Paz se arrodilló para saludar a Donald Trump en la cumbre “Escudo de las Américas”,Es falso que Rodrigo Paz se arrodilló para saludar a Donald Trump en la cumbre “Escudo de las Américas”. La verificación publicada por ChequeaBolivia clasifica la afirmación o contenido como falso y documenta evidencia de contraste.,ChequeaBolivia,https://chequeabolivia.bo/es-falso-que-rodrigo-paz-se-arrodillo-para-saludar-donald-trump-en-la-cumbre-escudo-de-las-americas,https://chequeabolivia.bo/es-falso-que-rodrigo-paz-se-arrodillo-para-saludar-donald-trump-en-la-cumbre-escudo-de-las-americas,2026-03-11,Bolivia,es,FAKE,ChequeaBolivia,https://chequeabolivia.bo/es-falso-que-rodrigo-paz-se-arrodillo-para-saludar-donald-trump-en-la-cumbre-escudo-de-las-americas,La verificación publicada por ChequeaBolivia clasifica la afirmación o contenido como falso y documenta evidencia de contraste.,a7316ee0d9d208bc156dcde6e09b0187db358b3e8f0c1533899018bb7b5f5982,CB-FX-0005,SG-FX-0005,v1.0,verified,active,resolved,es falso que rodrigo paz se arrodillo para saludar a donald trump en la cumbre escudo de las americas,Es falso que Rodrigo Paz se arrodilló para saludar a Donald Trump en la cumbre “Escudo de las Américas”. La verificación publicada por ChequeaBolivia clasifica la afirmación o contenido como falso y documenta evidencia de contraste.,salud,36,232,11,Rodrigo;Paz;arrodilló;saludar;Donald;Trump;cumbre;Escudo
BO-FX-0006,Es falso que Andrea Barrientos aseguró que “el 50/50 es un engaño de Rodrigo Paz”,Es falso que Andrea Barrientos aseguró que “el 50/50 es un engaño de Rodrigo Paz”. La verificación publicada por ChequeaBolivia clasifica la afirmación o contenido como falso y documenta evidencia de contraste.,ChequeaBolivia,https://chequeabolivia.bo/es-falso-que-andrea-barrientos-aseguro-que-el-5050-es-un-engano-de-rodrigo-paz,https://chequeabolivia.bo/es-falso-que-andrea-barrientos-aseguro-que-el-5050-es-un-engano-de-rodrigo-paz,2026-03-12,Bolivia,es,FAKE,ChequeaBolivia,https://chequeabolivia.bo/es-falso-que-andrea-barrientos-aseguro-que-el-5050-es-un-engano-de-rodrigo-paz,La verificación publicada por ChequeaBolivia clasifica la afirmación o contenido como falso y documenta evidencia de contraste.,9226cffe28800019cb111e950d04a1b3ccb98094a1a4199dc36b941645193953,CB-FX-0006,SG-FX-0006,v1.0,verified,active,resolved,es falso que andrea barrientos aseguro que el 50 50 es un engano de rodrigo paz,Es falso que Andrea Barrientos aseguró que “el 50/50 es un engaño de Rodrigo Paz”. La verificación publicada por ChequeaBolivia clasifica la afirmación o contenido como falso y documenta evidencia de contraste.,tecnologia,32,210,10,Andrea;Barrientos;aseguró;engaño;Rodrigo;Paz;tecnologia;ChequeaBolivia
BO-FX-0007,Es falso que Rodrigo Paz entregó dinero a un candidato de Beni para promover guerra sucia,Es falso que Rodrigo Paz entregó dinero a un candidato de Beni para promover guerra sucia. La verificación publicada por ChequeaBolivia clasifica la afirmación o contenido como falso y documenta evidencia de contraste.,ChequeaBolivia,https://chequeabolivia.bo/es-falso-que-rodrigo-paz-entrego-dinero-un-candidato-de-beni-para-promover-guerra-sucia,https://chequeabolivia.bo/es-falso-que-rodrigo-paz-entrego-dinero-un-candidato-de-beni-para-promover-guerra-sucia,2026-04-16,Bolivia,es,FAKE,ChequeaBolivia,https://chequeabolivia.bo/es-falso-que-rodrigo-paz-entrego-dinero-un-candidato-de-beni-para-promover-guerra-sucia,La verificación publicada por ChequeaBolivia clasifica la afirmación o contenido como falso y documenta evidencia de contraste.,c92aaaca62ee69ae4cc36de22217cbd7b7a8697678f557429b88bb6a5a86ac4f,CB-FX-0007,SG-FX-0007,v1.0,verified,active,resolved,es falso que rodrigo paz entrego dinero a un candidato de beni para promover guerra sucia,Es falso que Rodrigo Paz entregó dinero a un candidato de Beni para promover guerra sucia. La verificación publicada por ChequeaBolivia clasifica la afirmación o contenido como falso y documenta evidencia de contraste.,tecnologia,33,218,10,Rodrigo;Paz;entregó;dinero;candidato;Beni;promover;guerra
BO-FX-0008,Es falso que el presidente haya llamado “cochinos” o “sin estudios” a bloqueadores y movilizados,Es falso que el presidente haya llamado “cochinos” o “sin estudios” a bloqueadores y movilizados. La verificación publicada por ChequeaBolivia clasifica la afirmación o contenido como falso y documenta evidencia de contraste.,ChequeaBolivia,https://chequeabolivia.bo/es-falso-que-el-presidente-haya-llamado-cochinos-o-sin-estudios-bloqueadores-y-movilizados,https://chequeabolivia.bo/es-falso-que-el-presidente-haya-llamado-cochinos-o-sin-estudios-bloqueadores-y-movilizados,2026-05-21,Bolivia,es,FAKE,ChequeaBolivia,https://chequeabolivia.bo/es-falso-que-el-presidente-haya-llamado-cochinos-o-sin-estudios-bloqueadores-y-movilizados,La verificación publicada por ChequeaBolivia clasifica la afirmación o contenido como falso y documenta evidencia de contraste.,9cac8be3ef70b4b796112377cd81456632487f85543f8a4e4c35368bc4f8f64b,CB-FX-0008,SG-FX-0008,v1.0,verified,active,resolved,es falso que el presidente haya llamado cochinos o sin estudios a bloqueadores y movilizados,Es falso que el presidente haya llamado “cochinos” o “sin estudios” a bloqueadores y movilizados. La verificación publicada por ChequeaBolivia clasifica la afirmación o contenido como falso y documenta evidencia de contraste.,tecnologia,32,225,10,presidente;haya;llamado;cochinos;sin;estudios;bloqueadores;movilizados
BO-FX-0009,Es falso que la DEA “capturó” a Evo Morales en las últimas horas,Es falso que la DEA “capturó” a Evo Morales en las últimas horas. La verificación publicada por ChequeaBolivia clasifica la afirmación o contenido como falso y documenta evidencia de contraste.,ChequeaBolivia,https://chequeabolivia.bo/es-falso-que-la-dea-capturo-evo-morales-en-las-ultimas-horas,https://chequeabolivia.bo/es-falso-que-la-dea-capturo-evo-morales-en-las-ultimas-horas,2026-05-14,Bolivia,es,FAKE,ChequeaBolivia,https://chequeabolivia.bo/es-falso-que-la-dea-capturo-evo-morales-en-las-ultimas-horas,La verificación publicada por ChequeaBolivia clasifica la afirmación o contenido como falso y documenta evidencia de contraste.,7defdf6e3a8a41481d2b17c5973bbd9a67109579a7a326325ebc72d5fa58bd35,CB-FX-0009,SG-FX-0009,v1.0,verified,active,resolved,es falso que la dea capturo a evo morales en las ultimas horas,Es falso que la DEA “capturó” a Evo Morales en las últimas horas. La verificación publicada por ChequeaBolivia clasifica la afirmación o contenido como falso y documenta evidencia de contraste.,tecnologia,30,193,9,DEA;capturó;Evo;Morales;últimas;horas;tecnologia;ChequeaBolivia
BO-FX-0010,Es falso que se usó un letrero que decía “en defensa del pedófilo” en las movilizaciones,Es falso que se usó un letrero que decía “en defensa del pedófilo” en las movilizaciones. La verificación publicada por ChequeaBolivia clasifica la afirmación o contenido como falso y documenta evidencia de contraste.,ChequeaBolivia,https://chequeabolivia.bo/es-falso-que-se-uso-un-letrero-que-decia-en-defensa-del-pedofilo-en-las-movilizaciones,https://chequeabolivia.bo/es-falso-que-se-uso-un-letrero-que-decia-en-defensa-del-pedofilo-en-las-movilizaciones,2026-05-15,Bolivia,es,FAKE,ChequeaBolivia,https://chequeabolivia.bo/es-falso-que-se-uso-un-letrero-que-decia-en-defensa-del-pedofilo-en-las-movilizaciones,La verificación publicada por ChequeaBolivia clasifica la afirmación o contenido como falso y documenta evidencia de contraste.,20ec2bafe1ee8fc864fdc19b46271ca9f86cfde295a3323381f1244f86cca4fc,CB-FX-0010,SG-FX-0010,v1.0,verified,active,resolved,es falso que se uso un letrero que decia en defensa del pedofilo en las movilizaciones,Es falso que se usó un letrero que decía “en defensa del pedófilo” en las movilizaciones. La verificación publicada por ChequeaBolivia clasifica la afirmación o contenido como falso y documenta evidencia de contraste.,tecnologia,33,217,10,usó;letrero;decía;defensa;pedófilo;movilizaciones;tecnologia;ChequeaBolivia
BO-FX-0011,El Código Penal de Bolivia no regula las “noticias falsas” como señaló la Vicepresidencia en un comunicado,El Código Penal de Bolivia no regula las “noticias falsas” como señaló la Vicepresidencia en un comunicado. La verificación publicada por ChequeaBolivia clasifica la afirmación o contenido como falso y documenta evidencia de contraste.,ChequeaBolivia,https://www.chequeabolivia.bo/el-codigo-penal-de-bolivia-no-regula-las-noticias-falsas-como-senalo-la-vicepresidencia-en-un,https://www.chequeabolivia.bo/el-codigo-penal-de-bolivia-no-regula-las-noticias-falsas-como-senalo-la-vicepresidencia-en-un,2025-05-23,Bolivia,es,FAKE,ChequeaBolivia,https://www.chequeabolivia.bo/el-codigo-penal-de-bolivia-no-regula-las-noticias-falsas-como-senalo-la-vicepresidencia-en-un,La verificación publicada por ChequeaBolivia clasifica la afirmación o contenido como falso y documenta evidencia de contraste.,207018509161473ef3f145ec13cd7fc46a99ea3e7f3311b64a0daac80cc21db5,CB-FX-0011,SG-FX-0011,v1.0,verified,active,resolved,el codigo penal de bolivia no regula las noticias falsas como senalo la vicepresidencia en un comunicado,El Código Penal de Bolivia no regula las “noticias falsas” como señaló la Vicepresidencia en un comunicado. La verificación publicada por ChequeaBolivia clasifica la afirmación o contenido como falso y documenta evidencia de contraste.,tecnologia,34,235,10,Código;Penal;regula;noticias;falsas;señaló;Vicepresidencia;comunicado
BO-FX-0012,Es falso que la cuenta de X de Luis Arce anunció el lanzamiento de una nueva moneda digital,Es falso que la cuenta de X de Luis Arce anunció el lanzamiento de una nueva moneda digital. La verificación publicada por ChequeaBolivia clasifica la afirmación o contenido como falso y documenta evidencia de contraste.,ChequeaBolivia,https://chequeabolivia.bo/es-falso-que-la-cuenta-de-x-de-luis-arce-anuncio-el-lanzamiento-de-una-nueva-moneda-digital,https://chequeabolivia.bo/es-falso-que-la-cuenta-de-x-de-luis-arce-anuncio-el-lanzamiento-de-una-nueva-moneda-digital,2025-02-14,Bolivia,es,FAKE,ChequeaBolivia,https://chequeabolivia.bo/es-falso-que-la-cuenta-de-x-de-luis-arce-anuncio-el-lanzamiento-de-una-nueva-moneda-digital,La verificación publicada por ChequeaBolivia clasifica la afirmación o contenido como falso y documenta evidencia de contraste.,f6d480e5b8c1ddc1cc6049e95e9ae86da7e0986bd2de9f0bb10d8c647add378a,CB-FX-0012,SG-FX-0012,v1.0,verified,active,resolved,es falso que la cuenta de x de luis arce anuncio el lanzamiento de una nueva moneda digital,Es falso que la cuenta de X de Luis Arce anunció el lanzamiento de una nueva moneda digital. La verificación publicada por ChequeaBolivia clasifica la afirmación o contenido como falso y documenta evidencia de contraste.,tecnologia,35,220,10,cuenta;Luis;Arce;anunció;lanzamiento;nueva;moneda;digital
BO-FX-0013,El Deber no publicó que Samuel Doria Medina promociona una plataforma de inversión,El Deber no publicó que Samuel Doria Medina promociona una plataforma de inversión. La verificación publicada por ChequeaBolivia clasifica la afirmación o contenido como falso y documenta evidencia de contraste.,ChequeaBolivia,https://chequeabolivia.bo/es-falso-que-el-deber-publico-que-samuel-doria-medina-promociona-una-plataforma-de-inversion,https://chequeabolivia.bo/es-falso-que-el-deber-publico-que-samuel-doria-medina-promociona-una-plataforma-de-inversion,2025-05-13,Bolivia,es,FAKE,ChequeaBolivia,https://chequeabolivia.bo/es-falso-que-el-deber-publico-que-samuel-doria-medina-promociona-una-plataforma-de-inversion,La verificación publicada por ChequeaBolivia clasifica la afirmación o contenido como falso y documenta evidencia de contraste.,419862c203186c445e996204b0e5cac5f3f7465a0b1767ceffcd6df849291423,CB-FX-0013,SG-FX-0013,v1.0,verified,active,resolved,el deber no publico que samuel doria medina promociona una plataforma de inversion,El Deber no publicó que Samuel Doria Medina promociona una plataforma de inversión. La verificación publicada por ChequeaBolivia clasifica la afirmación o contenido como falso y documenta evidencia de contraste.,tecnologia,30,211,9,Deber;publicó;Samuel;Doria;Medina;promociona;plataforma;inversión
BO-FX-0014,Es falso que estos resultados sobre la encuesta de Unitel se hayan filtrado,Es falso que estos resultados sobre la encuesta de Unitel se hayan filtrado. La verificación publicada por ChequeaBolivia clasifica la afirmación o contenido como falso y documenta evidencia de contraste.,ChequeaBolivia,https://chequeabolivia.bo/es-falso-que-estos-resultados-sobre-la-encuesta-de-unitel-se-hayan-filtrado,https://chequeabolivia.bo/es-falso-que-estos-resultados-sobre-la-encuesta-de-unitel-se-hayan-filtrado,2025-06-02,Bolivia,es,FAKE,ChequeaBolivia,https://chequeabolivia.bo/es-falso-que-estos-resultados-sobre-la-encuesta-de-unitel-se-hayan-filtrado,La verificación publicada por ChequeaBolivia clasifica la afirmación o contenido como falso y documenta evidencia de contraste.,86e72e8743ec349cfa3b3cbc4cbdaf01d0b61cad4106cbb00546201c2ec6353b,CB-FX-0014,SG-FX-0014,v1.0,verified,active,resolved,es falso que estos resultados sobre la encuesta de unitel se hayan filtrado,Es falso que estos resultados sobre la encuesta de Unitel se hayan filtrado. La verificación publicada por ChequeaBolivia clasifica la afirmación o contenido como falso y documenta evidencia de contraste.,tecnologia,30,204,9,estos;resultados;encuesta;Unitel;hayan;filtrado;tecnologia;ChequeaBolivia
BO-FX-0015,Los videos de Marcelo Claure y Samuel Doria Medina que prometen miles de bolivianos son falsos,Los videos de Marcelo Claure y Samuel Doria Medina que prometen miles de bolivianos son falsos. La verificación publicada por ChequeaBolivia clasifica la afirmación o contenido como falso y documenta evidencia de contraste.,ChequeaBolivia,https://www.chequeabolivia.bo/los-videos-de-marcelo-claure-y-samuel-doria-medina-que-prometen-miles-de-bolivianos-son-falsos,https://www.chequeabolivia.bo/los-videos-de-marcelo-claure-y-samuel-doria-medina-que-prometen-miles-de-bolivianos-son-falsos,2025-10-10,Bolivia,es,FAKE,ChequeaBolivia,https://www.chequeabolivia.bo/los-videos-de-marcelo-claure-y-samuel-doria-medina-que-prometen-miles-de-bolivianos-son-falsos,La verificación publicada por ChequeaBolivia clasifica la afirmación o contenido como falso y documenta evidencia de contraste.,f300cb9dc65bc73480a8e5340f05f972ea5a1404ec58f2ccbfa64415d45f9ac2,CB-FX-0015,SG-FX-0015,v1.0,verified,active,resolved,los videos de marcelo claure y samuel doria medina que prometen miles de bolivianos son falsos,Los videos de Marcelo Claure y Samuel Doria Medina que prometen miles de bolivianos son falsos. La verificación publicada por ChequeaBolivia clasifica la afirmación o contenido como falso y documenta evidencia de contraste.,tecnologia,33,223,10,videos;Marcelo;Claure;Samuel;Doria;Medina;prometen;miles
BO-FX-0016,Estudio de opinión que da como ganador a Jorge Tuto Quiroga en 6 departamentos es falso,Estudio de opinión que da como ganador a Jorge Tuto Quiroga en 6 departamentos es falso. La verificación publicada por ChequeaBolivia clasifica la afirmación o contenido como falso y documenta evidencia de contraste.,ChequeaBolivia,https://www.chequeabolivia.bo/estudio-de-opinion-que-da-como-ganador-jorge-tuto-quiroga-en-6-departamentos-es-falso,https://www.chequeabolivia.bo/estudio-de-opinion-que-da-como-ganador-jorge-tuto-quiroga-en-6-departamentos-es-falso,2025-10-17,Bolivia,es,FAKE,ChequeaBolivia,https://www.chequeabolivia.bo/estudio-de-opinion-que-da-como-ganador-jorge-tuto-quiroga-en-6-departamentos-es-falso,La verificación publicada por ChequeaBolivia clasifica la afirmación o contenido como falso y documenta evidencia de contraste.,fc19d8bcb4b400e7484f56d1bcf86e970446899dd3a06f0b0369535de3d68206,CB-FX-0016,SG-FX-0016,v1.0,verified,active,resolved,estudio de opinion que da como ganador a jorge tuto quiroga en 6 departamentos es falso,Estudio de opinión que da como ganador a Jorge Tuto Quiroga en 6 departamentos es falso. La verificación publicada por ChequeaBolivia clasifica la afirmación o contenido como falso y documenta evidencia de contraste.,tecnologia,33,216,10,Estudio;opinión;ganador;Jorge;Tuto;Quiroga;departamentos;tecnologia
BO-FX-0017,El video donde Yassir Molina se expresa de manera despectiva hacia una mujer de pollera es falso,El video donde Yassir Molina se expresa de manera despectiva hacia una mujer de pollera es falso. La verificación publicada por ChequeaBolivia clasifica la afirmación o contenido como falso y documenta evidencia de contraste.,ChequeaBolivia,https://www.chequeabolivia.bo/el-video-donde-yassir-molina-se-expresa-de-manera-despectiva-hacia-una-mujer-de-pollera-es-falso,https://www.chequeabolivia.bo/el-video-donde-yassir-molina-se-expresa-de-manera-despectiva-hacia-una-mujer-de-pollera-es-falso,2025-10-17,Bolivia,es,FAKE,ChequeaBolivia,https://www.chequeabolivia.bo/el-video-donde-yassir-molina-se-expresa-de-manera-despectiva-hacia-una-mujer-de-pollera-es-falso,La verificación publicada por ChequeaBolivia clasifica la afirmación o contenido como falso y documenta evidencia de contraste.,42d2f871a7222e1177367408838ec6074bd90d4b115716cd8d8dc4fd00dd16d2,CB-FX-0017,SG-FX-0017,v1.0,verified,active,resolved,el video donde yassir molina se expresa de manera despectiva hacia una mujer de pollera es falso,El video donde Yassir Molina se expresa de manera despectiva hacia una mujer de pollera es falso. La verificación publicada por ChequeaBolivia clasifica la afirmación o contenido como falso y documenta evidencia de contraste.,tecnologia,34,225,10,video;donde;Yassir;Molina;expresa;manera;despectiva;hacia
BO-FX-0018,Imagen falsa atribuye al noticiero “Aquí en Vivo” una declaración de Ruth Nina agradeciendo a Jorge “Tuto” Quiroga,Imagen falsa atribuye al noticiero “Aquí en Vivo” una declaración de Ruth Nina agradeciendo a Jorge “Tuto” Quiroga. La verificación publicada por ChequeaBolivia clasifica la afirmación o contenido como falso y documenta evidencia de contraste.,ChequeaBolivia,https://chequeabolivia.bo/imagen-falsa-atribuye-al-noticiero-aqui-en-vivo-una-declaracion-de-ruth-nina-agradeciendo-jorge,https://chequeabolivia.bo/imagen-falsa-atribuye-al-noticiero-aqui-en-vivo-una-declaracion-de-ruth-nina-agradeciendo-jorge,2025-10-19,Bolivia,es,FAKE,ChequeaBolivia,https://chequeabolivia.bo/imagen-falsa-atribuye-al-noticiero-aqui-en-vivo-una-declaracion-de-ruth-nina-agradeciendo-jorge,La verificación publicada por ChequeaBolivia clasifica la afirmación o contenido como falso y documenta evidencia de contraste.,8058b80b963f849ef9fe234aed039e247ad86138ed272d9aa3c3e5728d60e7f4,CB-FX-0018,SG-FX-0018,v1.0,verified,active,resolved,imagen falsa atribuye al noticiero aqui en vivo una declaracion de ruth nina agradeciendo a jorge tuto quiroga,Imagen falsa atribuye al noticiero “Aquí en Vivo” una declaración de Ruth Nina agradeciendo a Jorge “Tuto” Quiroga. La verificación publicada por ChequeaBolivia clasifica la afirmación o contenido como falso y documenta evidencia de...,tecnologia,35,243,10,Imagen;atribuye;noticiero;Aquí;Vivo;declaración;Ruth;Nina
BO-FX-0019,Unitel no publicó encuesta con más del 49 por ciento de intención de voto nulo,Unitel no publicó encuesta con más del 49 por ciento de intención de voto nulo. La verificación publicada por ChequeaBolivia clasifica la afirmación o contenido como falso y documenta evidencia de contraste.,ChequeaBolivia,https://chequeabolivia.bo/unitel-no-publico-encuesta-con-mas-del-49-por-ciento-de-intencion-de-voto-nulo,https://chequeabolivia.bo/unitel-no-publico-encuesta-con-mas-del-49-por-ciento-de-intencion-de-voto-nulo,2025-10-03,Bolivia,es,FAKE,ChequeaBolivia,https://chequeabolivia.bo/unitel-no-publico-encuesta-con-mas-del-49-por-ciento-de-intencion-de-voto-nulo,La verificación publicada por ChequeaBolivia clasifica la afirmación o contenido como falso y documenta evidencia de contraste.,5578ea9891f5c6d9a68e68829d3c23ece30f68514309e0575a4cadd0eb3c1247,CB-FX-0019,SG-FX-0019,v1.0,verified,active,resolved,unitel no publico encuesta con mas del 49 por ciento de intencion de voto nulo,Unitel no publicó encuesta con más del 49 por ciento de intención de voto nulo. La verificación publicada por ChequeaBolivia clasifica la afirmación o contenido como falso y documenta evidencia de contraste.,tecnologia,32,207,10,Unitel;publicó;encuesta;más;ciento;intención;voto;nulo
BO-FX-0020,Rodrigo Paz no dijo que solo nacionalizará automóviles eléctricos chutos,Rodrigo Paz no dijo que solo nacionalizará automóviles eléctricos chutos. La verificación publicada por ChequeaBolivia clasifica la afirmación o contenido como falso y documenta evidencia de contraste.,ChequeaBolivia,https://chequeabolivia.bo/rodrigo-paz-no-dijo-que-solo-nacionalizara-automoviles-electricos-chutos,https://chequeabolivia.bo/rodrigo-paz-no-dijo-que-solo-nacionalizara-automoviles-electricos-chutos,2025-11-12,Bolivia,es,FAKE,ChequeaBolivia,https://chequeabolivia.bo/rodrigo-paz-no-dijo-que-solo-nacionalizara-automoviles-electricos-chutos,La verificación publicada por ChequeaBolivia clasifica la afirmación o contenido como falso y documenta evidencia de contraste.,d9dcc0eea4e876480776514a613003aa6481b2cea217e000b7f2c47366fbb919,CB-FX-0020,SG-FX-0020,v1.0,verified,active,resolved,rodrigo paz no dijo que solo nacionalizara automoviles electricos chutos,Rodrigo Paz no dijo que solo nacionalizará automóviles eléctricos chutos. La verificación publicada por ChequeaBolivia clasifica la afirmación o contenido como falso y documenta evidencia de contraste.,tecnologia,27,201,8,Rodrigo;Paz;dijo;solo;nacionalizará;automóviles;eléctricos;chutos
BO-FX-0021,Encuesta que da como ganador a Rodrigo Paz en segunda vuelta es falsa,Encuesta que da como ganador a Rodrigo Paz en segunda vuelta es falsa. La verificación publicada por ChequeaBolivia clasifica la afirmación o contenido como falso y documenta evidencia de contraste.,ChequeaBolivia,https://chequeabolivia.bo/encuesta-que-da-como-ganador-rodrigo-paz-en-segunda-vuelta-es-falsa,https://chequeabolivia.bo/encuesta-que-da-como-ganador-rodrigo-paz-en-segunda-vuelta-es-falsa,2025-10-06,Bolivia,es,FAKE,ChequeaBolivia,https://chequeabolivia.bo/encuesta-que-da-como-ganador-rodrigo-paz-en-segunda-vuelta-es-falsa,La verificación publicada por ChequeaBolivia clasifica la afirmación o contenido como falso y documenta evidencia de contraste.,b533e94b997ccb0bb5c13458541db37a335342e6fabd96075ec7cbdfacec2df8,CB-FX-0021,SG-FX-0021,v1.0,verified,active,resolved,encuesta que da como ganador a rodrigo paz en segunda vuelta es falsa,Encuesta que da como ganador a Rodrigo Paz en segunda vuelta es falsa. La verificación publicada por ChequeaBolivia clasifica la afirmación o contenido como falso y documenta evidencia de contraste.,tecnologia,30,198,9,Encuesta;ganador;Rodrigo;Paz;segunda;vuelta;tecnologia;ChequeaBolivia
BO-FX-0022,El Deber no publicó un artículo pidiendo la liberación de Jaime Dunn,El Deber no publicó un artículo pidiendo la liberación de Jaime Dunn. La verificación publicada por ChequeaBolivia clasifica la afirmación o contenido como falso y documenta evidencia de contraste.,ChequeaBolivia,https://www.chequeabolivia.bo/el-deber-no-publico-un-articulo-pidiendo-la-liberacion-de-jaime-dunn,https://www.chequeabolivia.bo/el-deber-no-publico-un-articulo-pidiendo-la-liberacion-de-jaime-dunn,2025-05-09,Bolivia,es,FAKE,ChequeaBolivia,https://www.chequeabolivia.bo/el-deber-no-publico-un-articulo-pidiendo-la-liberacion-de-jaime-dunn,La verificación publicada por ChequeaBolivia clasifica la afirmación o contenido como falso y documenta evidencia de contraste.,aa65958720cd714c9148805add83ce36d1267939451cb348b907e35be5868748,CB-FX-0022,SG-FX-0022,v1.0,verified,active,resolved,el deber no publico un articulo pidiendo la liberacion de jaime dunn,El Deber no publicó un artículo pidiendo la liberación de Jaime Dunn. La verificación publicada por ChequeaBolivia clasifica la afirmación o contenido como falso y documenta evidencia de contraste.,tecnologia,29,197,9,Deber;publicó;artículo;pidiendo;liberación;Jaime;Dunn;tecnologia
BO-FX-0023,El Deber no publicó que Dockweiler anunció alianza con Eva Copa por falta de firmas para su sigla,El Deber no publicó que Dockweiler anunció alianza con Eva Copa por falta de firmas para su sigla. La verificación publicada por ChequeaBolivia clasifica la afirmación o contenido como falso y documenta evidencia de contraste.,ChequeaBolivia,https://chequeabolivia.bo/el-deber-no-publico-que-dockweiler-anuncio-alianza-con-eva-copa-por-falta-de-firmas-para-su-sigla,https://chequeabolivia.bo/el-deber-no-publico-que-dockweiler-anuncio-alianza-con-eva-copa-por-falta-de-firmas-para-su-sigla,2025-05-06,Bolivia,es,FAKE,ChequeaBolivia,https://chequeabolivia.bo/el-deber-no-publico-que-dockweiler-anuncio-alianza-con-eva-copa-por-falta-de-firmas-para-su-sigla,La verificación publicada por ChequeaBolivia clasifica la afirmación o contenido como falso y documenta evidencia de contraste.,6dee0cfcb02935b18bded4a1728a308cb168f2cece0c6ffaa51585358e8afd1f,CB-FX-0023,SG-FX-0023,v1.0,verified,active,resolved,el deber no publico que dockweiler anuncio alianza con eva copa por falta de firmas para su sigla,El Deber no publicó que Dockweiler anunció alianza con Eva Copa por falta de firmas para su sigla. La verificación publicada por ChequeaBolivia clasifica la afirmación o contenido como falso y documenta evidencia de contraste.,tecnologia,35,226,10,Deber;publicó;Dockweiler;anunció;alianza;Eva;Copa;falta
BO-FX-0024,Ni Trump ni Rubio se refirieron a Jorge “Tuto” Quiroga en una nota de Univisión,Ni Trump ni Rubio se refirieron a Jorge “Tuto” Quiroga en una nota de Univisión. La verificación publicada por ChequeaBolivia clasifica la afirmación o contenido como falso y documenta evidencia de contraste.,ChequeaBolivia,https://chequeabolivia.bo/ni-trump-ni-rubio-se-refirieron-jorge-tuto-quiroga-en-una-nota-de-univision,https://chequeabolivia.bo/ni-trump-ni-rubio-se-refirieron-jorge-tuto-quiroga-en-una-nota-de-univision,2025-01-31,Bolivia,es,FAKE,ChequeaBolivia,https://chequeabolivia.bo/ni-trump-ni-rubio-se-refirieron-jorge-tuto-quiroga-en-una-nota-de-univision,La verificación publicada por ChequeaBolivia clasifica la afirmación o contenido como falso y documenta evidencia de contraste.,c9ddf793382a32d6d8d8bb92e0ffec86847cd56c7aa17d3a8e1e8e63ca7012a0,CB-FX-0024,SG-FX-0024,v1.0,verified,active,resolved,ni trump ni rubio se refirieron a jorge tuto quiroga en una nota de univision,Ni Trump ni Rubio se refirieron a Jorge “Tuto” Quiroga en una nota de Univisión. La verificación publicada por ChequeaBolivia clasifica la afirmación o contenido como falso y documenta evidencia de contraste.,tecnologia,32,208,10,Trump;Rubio;refirieron;Jorge;Tuto;Quiroga;nota;Univisión
BO-FX-0025,YPFB no promociona fondos de inversiones de Bs. 1.750 en redes sociales,YPFB no promociona fondos de inversiones de Bs. 1.750 en redes sociales. La verificación publicada por ChequeaBolivia clasifica la afirmación o contenido como falso y documenta evidencia de contraste.,ChequeaBolivia,https://chequeabolivia.bo/ypfb-no-promociona-fondos-de-inversiones-de-bs-1750-en-redes-sociales,https://chequeabolivia.bo/ypfb-no-promociona-fondos-de-inversiones-de-bs-1750-en-redes-sociales,2025-01-31,Bolivia,es,FAKE,ChequeaBolivia,https://chequeabolivia.bo/ypfb-no-promociona-fondos-de-inversiones-de-bs-1750-en-redes-sociales,La verificación publicada por ChequeaBolivia clasifica la afirmación o contenido como falso y documenta evidencia de contraste.,bd9e4c18d785179035b1daf9ccae73e9bb6af80322ee7baf390ba80714f037fd,CB-FX-0025,SG-FX-0025,v1.0,verified,active,resolved,ypfb no promociona fondos de inversiones de bs 1 750 en redes sociales,YPFB no promociona fondos de inversiones de Bs. 1.750 en redes sociales. La verificación publicada por ChequeaBolivia clasifica la afirmación o contenido como falso y documenta evidencia de contraste.,tecnologia,29,200,9,YPFB;promociona;fondos;inversiones;750;redes;sociales;tecnologia
BO-FX-0026,Video que muestra a un venezolano dando un mensaje “a los bolivianos” fue generado con Inteligencia Artificial,Video que muestra a un venezolano dando un mensaje “a los bolivianos” fue generado con Inteligencia Artificial. La verificación publicada por ChequeaBolivia clasifica la afirmación o contenido como falso y documenta evidencia de contraste.,ChequeaBolivia,https://chequeabolivia.bo/video-que-muestra-un-venezolano-dando-un-mensaje-los-bolivianos-fue-generado-con-inteligencia,https://chequeabolivia.bo/video-que-muestra-un-venezolano-dando-un-mensaje-los-bolivianos-fue-generado-con-inteligencia,2025-07-21,Bolivia,es,FAKE,ChequeaBolivia,https://chequeabolivia.bo/video-que-muestra-un-venezolano-dando-un-mensaje-los-bolivianos-fue-generado-con-inteligencia,La verificación publicada por ChequeaBolivia clasifica la afirmación o contenido como falso y documenta evidencia de contraste.,2dfbcd11331020236a659c3f1ada79f2ee893006bfc42f6f27b0c5bbd84f291e,CB-FX-0026,SG-FX-0026,v1.0,verified,active,resolved,video que muestra a un venezolano dando un mensaje a los bolivianos fue generado con inteligencia artificial,Video que muestra a un venezolano dando un mensaje “a los bolivianos” fue generado con Inteligencia Artificial. La verificación publicada por ChequeaBolivia clasifica la afirmación o contenido como falso y documenta evidencia de contraste.,tecnologia,34,239,10,Video;muestra;venezolano;dando;mensaje;bolivianos;fue;generado
BO-FX-0027,Es falso que Luis Arce Catacora renunció a la Presidencia,Es falso que Luis Arce Catacora renunció a la Presidencia. La verificación publicada por ChequeaBolivia clasifica la afirmación o contenido como falso y documenta evidencia de contraste.,ChequeaBolivia,https://chequeabolivia.bo/es-falso-que-luis-arce-catacora-renuncio-la-presidencia,https://chequeabolivia.bo/es-falso-que-luis-arce-catacora-renuncio-la-presidencia,2025-09-03,Bolivia,es,FAKE,ChequeaBolivia,https://chequeabolivia.bo/es-falso-que-luis-arce-catacora-renuncio-la-presidencia,La verificación publicada por ChequeaBolivia clasifica la afirmación o contenido como falso y documenta evidencia de contraste.,698ca51f51c4eb71999145a0b25d3456fd9a9f792d998e8a91016317d6292634,CB-FX-0027,SG-FX-0027,v1.0,verified,active,resolved,es falso que luis arce catacora renuncio a la presidencia,Es falso que Luis Arce Catacora renunció a la Presidencia. La verificación publicada por ChequeaBolivia clasifica la afirmación o contenido como falso y documenta evidencia de contraste.,tecnologia,27,186,8,Luis;Arce;Catacora;renunció;Presidencia;tecnologia;ChequeaBolivia
BO-FX-0028,Es falso que ministro de Hidrocarburos presentó su carta de renuncia,Es falso que ministro de Hidrocarburos presentó su carta de renuncia. La verificación publicada por ChequeaBolivia clasifica la afirmación o contenido como falso y documenta evidencia de contraste.,ChequeaBolivia,https://chequeabolivia.bo/es-falso-que-ministro-de-hidrocarburos-presento-su-carta-de-renuncia,https://chequeabolivia.bo/es-falso-que-ministro-de-hidrocarburos-presento-su-carta-de-renuncia,2025-03-14,Bolivia,es,FAKE,ChequeaBolivia,https://chequeabolivia.bo/es-falso-que-ministro-de-hidrocarburos-presento-su-carta-de-renuncia,La verificación publicada por ChequeaBolivia clasifica la afirmación o contenido como falso y documenta evidencia de contraste.,e356a81cb8c578fd5b271e6dc48c07a00e03973240f6644c195f7f205e8301cb,CB-FX-0028,SG-FX-0028,v1.0,verified,active,resolved,es falso que ministro de hidrocarburos presento su carta de renuncia,Es falso que ministro de Hidrocarburos presentó su carta de renuncia. La verificación publicada por ChequeaBolivia clasifica la afirmación o contenido como falso y documenta evidencia de contraste.,tecnologia,28,197,8,ministro;Hidrocarburos;presentó;carta;renuncia;tecnologia;ChequeaBolivia
BO-FX-0029,El comunicado del OEP donde se acusa a Lara de promover guerra sucia es falso,El comunicado del OEP donde se acusa a Lara de promover guerra sucia es falso. La verificación publicada por ChequeaBolivia clasifica la afirmación o contenido como falso y documenta evidencia de contraste.,ChequeaBolivia,https://chequeabolivia.bo/el-comunicado-del-oep-donde-se-acusa-lara-de-promover-guerra-sucia-es-falso,https://chequeabolivia.bo/el-comunicado-del-oep-donde-se-acusa-lara-de-promover-guerra-sucia-es-falso,2025-09-17,Bolivia,es,FAKE,ChequeaBolivia,https://chequeabolivia.bo/el-comunicado-del-oep-donde-se-acusa-lara-de-promover-guerra-sucia-es-falso,La verificación publicada por ChequeaBolivia clasifica la afirmación o contenido como falso y documenta evidencia de contraste.,e6ddd70680b7d67b93d2beb2598790c54af14743fcf4b4ea5c8f14008bd82f77,CB-FX-0029,SG-FX-0029,v1.0,verified,active,resolved,el comunicado del oep donde se acusa a lara de promover guerra sucia es falso,El comunicado del OEP donde se acusa a Lara de promover guerra sucia es falso. La verificación publicada por ChequeaBolivia clasifica la afirmación o contenido como falso y documenta evidencia de contraste.,tecnologia,32,206,10,comunicado;OEP;donde;acusa;Lara;promover;guerra;sucia
BO-FX-0030,La encuesta de Atlas Electoral que posiciona a Rodrigo Paz con 41.6% en segunda vuelta es falsa,La encuesta de Atlas Electoral que posiciona a Rodrigo Paz con 41.6% en segunda vuelta es falsa. La verificación publicada por ChequeaBolivia clasifica la afirmación o contenido como falso y documenta evidencia de contraste.,ChequeaBolivia,https://chequeabolivia.bo/la-encuesta-de-atlas-electoral-que-posiciona-rodrigo-paz-con-416-en-segunda-vuelta-es-falsa,https://chequeabolivia.bo/la-encuesta-de-atlas-electoral-que-posiciona-rodrigo-paz-con-416-en-segunda-vuelta-es-falsa,2025-08-29,Bolivia,es,FAKE,ChequeaBolivia,https://chequeabolivia.bo/la-encuesta-de-atlas-electoral-que-posiciona-rodrigo-paz-con-416-en-segunda-vuelta-es-falsa,La verificación publicada por ChequeaBolivia clasifica la afirmación o contenido como falso y documenta evidencia de contraste.,545cb288da7dc226cec8511ec1c9463e4e61399c7dbd8257536a5fc705e87a30,CB-FX-0030,SG-FX-0030,v1.0,verified,active,resolved,la encuesta de atlas electoral que posiciona a rodrigo paz con 41 6 en segunda vuelta es falsa,La encuesta de Atlas Electoral que posiciona a Rodrigo Paz con 41.6% en segunda vuelta es falsa. La verificación publicada por ChequeaBolivia clasifica la afirmación o contenido como falso y documenta evidencia de contraste.,tecnologia,34,224,10,encuesta;Atlas;Electoral;posiciona;Rodrigo;Paz;segunda;vuelta
BO-FX-0031,"La encuesta de Atlas Electoral que posiciona a Evo Morales con 45,7% es falsa","La encuesta de Atlas Electoral que posiciona a Evo Morales con 45,7% es falsa. La verificación publicada por ChequeaBolivia clasifica la afirmación o contenido como falso y documenta evidencia de contraste.",ChequeaBolivia,https://chequeabolivia.bo/la-encuesta-de-atlas-electoral-que-posiciona-evo-morales-con-457-es-falsa,https://chequeabolivia.bo/la-encuesta-de-atlas-electoral-que-posiciona-evo-morales-con-457-es-falsa,2025-07-21,Bolivia,es,FAKE,ChequeaBolivia,https://chequeabolivia.bo/la-encuesta-de-atlas-electoral-que-posiciona-evo-morales-con-457-es-falsa,La verificación publicada por ChequeaBolivia clasifica la afirmación o contenido como falso y documenta evidencia de contraste.,5451bb74ccb70f2af0a3735f0e8a47b204bc28c4627fe26aa6436b2e8018788b,CB-FX-0031,SG-FX-0031,v1.0,verified,active,resolved,la encuesta de atlas electoral que posiciona a evo morales con 45 7 es falsa,"La encuesta de Atlas Electoral que posiciona a Evo Morales con 45,7% es falsa. La verificación publicada por ChequeaBolivia clasifica la afirmación o contenido como falso y documenta evidencia de contraste.",tecnologia,31,206,9,encuesta;Atlas;Electoral;posiciona;Evo;Morales;tecnologia;ChequeaBolivia
BO-FX-0032,Es falso que Paz no puede ser candidato por haber nacido en España,Es falso que Paz no puede ser candidato por haber nacido en España. La verificación publicada por ChequeaBolivia clasifica la afirmación o contenido como falso y documenta evidencia de contraste.,ChequeaBolivia,https://chequeabolivia.bo/es-falso-que-paz-no-puede-ser-candidato-por-haber-nacido-en-espana,https://chequeabolivia.bo/es-falso-que-paz-no-puede-ser-candidato-por-haber-nacido-en-espana,2025-08-25,Bolivia,es,FAKE,ChequeaBolivia,https://chequeabolivia.bo/es-falso-que-paz-no-puede-ser-candidato-por-haber-nacido-en-espana,La verificación publicada por ChequeaBolivia clasifica la afirmación o contenido como falso y documenta evidencia de contraste.,f8cce432a9b5ab5f1ec03507cd3b2bc2232b59de0e559a08b180d81eeabafe78,CB-FX-0032,SG-FX-0032,v1.0,verified,active,resolved,es falso que paz no puede ser candidato por haber nacido en espana,Es falso que Paz no puede ser candidato por haber nacido en España. La verificación publicada por ChequeaBolivia clasifica la afirmación o contenido como falso y documenta evidencia de contraste.,tecnologia,30,195,9,Paz;puede;ser;candidato;haber;nacido;España;tecnologia
BO-FX-0033,Audio atribuido a Jorge “Tuto” Quiroga sobre bonos y rentas fue generado con Inteligencia Artificial,Audio atribuido a Jorge “Tuto” Quiroga sobre bonos y rentas fue generado con Inteligencia Artificial. La verificación publicada por ChequeaBolivia clasifica la afirmación o contenido como falso y documenta evidencia de contraste.,ChequeaBolivia,https://chequeabolivia.bo/audio-atribuido-jorge-tuto-quiroga-sobre-bonos-y-rentas-fue-generado-con-inteligencia-artificial,https://chequeabolivia.bo/audio-atribuido-jorge-tuto-quiroga-sobre-bonos-y-rentas-fue-generado-con-inteligencia-artificial,2025-08-08,Bolivia,es,FAKE,ChequeaBolivia,https://chequeabolivia.bo/audio-atribuido-jorge-tuto-quiroga-sobre-bonos-y-rentas-fue-generado-con-inteligencia-artificial,La verificación publicada por ChequeaBolivia clasifica la afirmación o contenido como falso y documenta evidencia de contraste.,363ebc8ab05c64d8fc34c77c901b0264fffae92a39d82a9db782f4b0ba20dc82,CB-FX-0033,SG-FX-0033,v1.0,verified,active,resolved,audio atribuido a jorge tuto quiroga sobre bonos y rentas fue generado con inteligencia artificial,Audio atribuido a Jorge “Tuto” Quiroga sobre bonos y rentas fue generado con Inteligencia Artificial. La verificación publicada por ChequeaBolivia clasifica la afirmación o contenido como falso y documenta evidencia de contraste.,tecnologia,32,229,10,Audio;atribuido;Jorge;Tuto;Quiroga;bonos;rentas;fue
BO-FX-0034,La encuesta de “Bolivia Opina” que posiciona a Tuto Quiroga vencedor con 24 % es falsa,La encuesta de “Bolivia Opina” que posiciona a Tuto Quiroga vencedor con 24 % es falsa. La verificación publicada por ChequeaBolivia clasifica la afirmación o contenido como falso y documenta evidencia de contraste.,ChequeaBolivia,https://chequeabolivia.bo/encuesta-de-bolivia-opina-que-posiciona-tuto-quiroga-vencedor-con-24-es-falsa,https://chequeabolivia.bo/encuesta-de-bolivia-opina-que-posiciona-tuto-quiroga-vencedor-con-24-es-falsa,2025-08-13,Bolivia,es,FAKE,ChequeaBolivia,https://chequeabolivia.bo/encuesta-de-bolivia-opina-que-posiciona-tuto-quiroga-vencedor-con-24-es-falsa,La verificación publicada por ChequeaBolivia clasifica la afirmación o contenido como falso y documenta evidencia de contraste.,a07d6c268dcbc73dd702e95e730bd48d02feb9ec0ecf0dc34c163ac32563e7a3,CB-FX-0034,SG-FX-0034,v1.0,verified,active,resolved,la encuesta de bolivia opina que posiciona a tuto quiroga vencedor con 24 es falsa,La encuesta de “Bolivia Opina” que posiciona a Tuto Quiroga vencedor con 24 % es falsa. La verificación publicada por ChequeaBolivia clasifica la afirmación o contenido como falso y documenta evidencia de contraste.,tecnologia,33,215,10,encuesta;Opina;posiciona;Tuto;Quiroga;vencedor;tecnologia;ChequeaBolivia
BO-FX-0035,El video en el que Juan Pablo Velasco apoya a Edman Lara es falso,El video en el que Juan Pablo Velasco apoya a Edman Lara es falso. La verificación publicada por ChequeaBolivia clasifica la afirmación o contenido como falso y documenta evidencia de contraste.,ChequeaBolivia,https://chequeabolivia.bo/el-video-en-el-que-juan-pablo-velasco-apoya-edman-lara-es-falso,https://chequeabolivia.bo/el-video-en-el-que-juan-pablo-velasco-apoya-edman-lara-es-falso,2025-09-25,Bolivia,es,FAKE,ChequeaBolivia,https://chequeabolivia.bo/el-video-en-el-que-juan-pablo-velasco-apoya-edman-lara-es-falso,La verificación publicada por ChequeaBolivia clasifica la afirmación o contenido como falso y documenta evidencia de contraste.,12ef7de18b1184827d080051ae62917eea5cc49364a1d8c62b7642e5e2d1579b,CB-FX-0035,SG-FX-0035,v1.0,verified,active,resolved,el video en el que juan pablo velasco apoya a edman lara es falso,El video en el que Juan Pablo Velasco apoya a Edman Lara es falso. La verificación publicada por ChequeaBolivia clasifica la afirmación o contenido como falso y documenta evidencia de contraste.,tecnologia,31,194,9,video;Juan;Pablo;Velasco;apoya;Edman;Lara;tecnologia
BO-FX-0036,Es falso que la ciudad de La Paz tiene 80 asientos electorales 'fantasma',Es falso que la ciudad de La Paz tiene 80 asientos electorales 'fantasma'. La verificación publicada por ChequeaBolivia clasifica la afirmación o contenido como falso y documenta evidencia de contraste.,ChequeaBolivia,https://chequeabolivia.bo/es-falso-que-la-ciudad-de-la-paz-tiene-80-asientos-electorales-fantasma,https://chequeabolivia.bo/es-falso-que-la-ciudad-de-la-paz-tiene-80-asientos-electorales-fantasma,2025-06-26,Bolivia,es,FAKE,ChequeaBolivia,https://chequeabolivia.bo/es-falso-que-la-ciudad-de-la-paz-tiene-80-asientos-electorales-fantasma,La verificación publicada por ChequeaBolivia clasifica la afirmación o contenido como falso y documenta evidencia de contraste.,c65882bfc58f1199313526eabd52f831e948329f2ced5067507faba7991c0ebe,CB-FX-0036,SG-FX-0036,v1.0,verified,active,resolved,es falso que la ciudad de la paz tiene 80 asientos electorales fantasma,Es falso que la ciudad de La Paz tiene 80 asientos electorales 'fantasma'. La verificación publicada por ChequeaBolivia clasifica la afirmación o contenido como falso y documenta evidencia de contraste.,tecnologia,30,202,9,ciudad;Paz;tiene;asientos;electorales;fantasma;tecnologia;ChequeaBolivia
BO-FX-0037,"Encuesta que posiciona a Evo Morales como favorito con 42,1% es falsa","Encuesta que posiciona a Evo Morales como favorito con 42,1% es falsa. La verificación publicada por ChequeaBolivia clasifica la afirmación o contenido como falso y documenta evidencia de contraste.",ChequeaBolivia,https://chequeabolivia.bo/encuesta-que-posiciona-evo-morales-como-favorito-con-421-es-falsa,https://chequeabolivia.bo/encuesta-que-posiciona-evo-morales-como-favorito-con-421-es-falsa,2025-08-08,Bolivia,es,FAKE,ChequeaBolivia,https://chequeabolivia.bo/encuesta-que-posiciona-evo-morales-como-favorito-con-421-es-falsa,La verificación publicada por ChequeaBolivia clasifica la afirmación o contenido como falso y documenta evidencia de contraste.,a876ff480d5c16c4179d1211988338a4d4e923a0ca2858f605d0191c4fd952af,CB-FX-0037,SG-FX-0037,v1.0,verified,active,resolved,encuesta que posiciona a evo morales como favorito con 42 1 es falsa,"Encuesta que posiciona a Evo Morales como favorito con 42,1% es falsa. La verificación publicada por ChequeaBolivia clasifica la afirmación o contenido como falso y documenta evidencia de contraste.",tecnologia,29,198,9,Encuesta;posiciona;Evo;Morales;favorito;tecnologia;ChequeaBolivia
BO-FX-0038,Falso: Red Uno no publicó encuesta en la que gana el voto nulo con más del 56 por ciento,Falso: Red Uno no publicó encuesta en la que gana el voto nulo con más del 56 por ciento. La verificación publicada por ChequeaBolivia clasifica la afirmación o contenido como falso y documenta evidencia de contraste.,ChequeaBolivia,https://chequeabolivia.bo/falso-red-uno-no-publico-encuesta-en-la-que-gana-el-voto-nulo-con-mas-del-56-por-ciento,https://chequeabolivia.bo/falso-red-uno-no-publico-encuesta-en-la-que-gana-el-voto-nulo-con-mas-del-56-por-ciento,2025-08-15,Bolivia,es,FAKE,ChequeaBolivia,https://chequeabolivia.bo/falso-red-uno-no-publico-encuesta-en-la-que-gana-el-voto-nulo-con-mas-del-56-por-ciento,La verificación publicada por ChequeaBolivia clasifica la afirmación o contenido como falso y documenta evidencia de contraste.,a3aa5095cbfa5c273efa9b8cf0806d056b65007b92fa3826ecc045682f625a08,CB-FX-0038,SG-FX-0038,v1.0,verified,active,resolved,falso red uno no publico encuesta en la que gana el voto nulo con mas del 56 por ciento,Falso: Red Uno no publicó encuesta en la que gana el voto nulo con más del 56 por ciento. La verificación publicada por ChequeaBolivia clasifica la afirmación o contenido como falso y documenta evidencia de contraste.,tecnologia,36,217,11,Red;Uno;publicó;encuesta;gana;voto;nulo;más
BO-FX-0039,Video de Leonardo Loza anunciando bloqueos en el país al día siguiente de las elecciones es falso,Video de Leonardo Loza anunciando bloqueos en el país al día siguiente de las elecciones es falso. La verificación publicada por ChequeaBolivia clasifica la afirmación o contenido como falso y documenta evidencia de contraste.,ChequeaBolivia,https://chequeabolivia.bo/video-de-leonardo-loza-anunciando-bloqueos-en-el-pais-al-dia-siguiente-de-las-elecciones-es-falso,https://chequeabolivia.bo/video-de-leonardo-loza-anunciando-bloqueos-en-el-pais-al-dia-siguiente-de-las-elecciones-es-falso,2025-08-08,Bolivia,es,FAKE,ChequeaBolivia,https://chequeabolivia.bo/video-de-leonardo-loza-anunciando-bloqueos-en-el-pais-al-dia-siguiente-de-las-elecciones-es-falso,La verificación publicada por ChequeaBolivia clasifica la afirmación o contenido como falso y documenta evidencia de contraste.,db41eeed3ff89235a9d7a0754525a93baeb94703f374ddc738856335f0cf5234,CB-FX-0039,SG-FX-0039,v1.0,verified,active,resolved,video de leonardo loza anunciando bloqueos en el pais al dia siguiente de las elecciones es falso,Video de Leonardo Loza anunciando bloqueos en el país al día siguiente de las elecciones es falso. La verificación publicada por ChequeaBolivia clasifica la afirmación o contenido como falso y documenta evidencia de contraste.,tecnologia,34,226,10,Video;Leonardo;Loza;anunciando;bloqueos;país;día;siguiente
BO-FX-0040,Papeletas marcadas a favor Samuel Doria Medina no son oficiales,Papeletas marcadas a favor Samuel Doria Medina no son oficiales. La verificación publicada por ChequeaBolivia clasifica la afirmación o contenido como falso y documenta evidencia de contraste.,ChequeaBolivia,https://chequeabolivia.bo/papeletas-marcadas-favor-samuel-doria-medina-no-son-oficiales,https://chequeabolivia.bo/papeletas-marcadas-favor-samuel-doria-medina-no-son-oficiales,2025-08-15,Bolivia,es,FAKE,ChequeaBolivia,https://chequeabolivia.bo/papeletas-marcadas-favor-samuel-doria-medina-no-son-oficiales,La verificación publicada por ChequeaBolivia clasifica la afirmación o contenido como falso y documenta evidencia de contraste.,6218451bc0f5a409857ad037fc2d78abb8b5a25d7c34f07fcc7e0e2cef341dae,CB-FX-0040,SG-FX-0040,v1.0,verified,active,resolved,papeletas marcadas a favor samuel doria medina no son oficiales,Papeletas marcadas a favor Samuel Doria Medina no son oficiales. La verificación publicada por ChequeaBolivia clasifica la afirmación o contenido como falso y documenta evidencia de contraste.,tecnologia,27,192,8,Papeletas;marcadas;favor;Samuel;Doria;Medina;son;oficiales
BO-FX-0041,Es falso que Samuel Doria Medina entregó alimentos y medicamentos vencidos a familias rurales,Es falso que Samuel Doria Medina entregó alimentos y medicamentos vencidos a familias rurales. La verificación publicada por ChequeaBolivia clasifica la afirmación o contenido como falso y documenta evidencia de contraste.,ChequeaBolivia,https://www.chequeabolivia.bo/es-falso-que-samuel-doria-medina-entrego-alimentos-y-medicamentos-vencidos-familias-rurales,https://www.chequeabolivia.bo/es-falso-que-samuel-doria-medina-entrego-alimentos-y-medicamentos-vencidos-familias-rurales,2025-07-25,Bolivia,es,FAKE,ChequeaBolivia,https://www.chequeabolivia.bo/es-falso-que-samuel-doria-medina-entrego-alimentos-y-medicamentos-vencidos-familias-rurales,La verificación publicada por ChequeaBolivia clasifica la afirmación o contenido como falso y documenta evidencia de contraste.,1c07db5fc59e86e435cdd25fbfb2c056e7216358b267e1d997572af8a0b25ebb,CB-FX-0041,SG-FX-0041,v1.0,verified,active,resolved,es falso que samuel doria medina entrego alimentos y medicamentos vencidos a familias rurales,Es falso que Samuel Doria Medina entregó alimentos y medicamentos vencidos a familias rurales. La verificación publicada por ChequeaBolivia clasifica la afirmación o contenido como falso y documenta evidencia de contraste.,tecnologia,31,222,9,Samuel;Doria;Medina;entregó;alimentos;medicamentos;vencidos;familias
BO-FX-0045,Esta foto que muestra la “peta” de Otto Ritter con una grúa es falsa,Esta foto que muestra la “peta” de Otto Ritter con una grúa es falsa. La verificación publicada por ChequeaBolivia clasifica la afirmación o contenido como falso y documenta evidencia de contraste.,ChequeaBolivia,https://www.chequeabolivia.bo/esta-foto-que-muestra-la-peta-de-otto-ritter-con-una-grua-es-falsa,https://www.chequeabolivia.bo/esta-foto-que-muestra-la-peta-de-otto-ritter-con-una-grua-es-falsa,2026-03-12,Bolivia,es,FAKE,ChequeaBolivia,https://www.chequeabolivia.bo/esta-foto-que-muestra-la-peta-de-otto-ritter-con-una-grua-es-falsa,La verificación publicada por ChequeaBolivia clasifica la afirmación o contenido como falso y documenta evidencia de contraste.,b8f61149cdab00a1bc443af42bdd9c8149cc1650cca4375d00b8efbc63498641,CB-FX-0045,SG-FX-0045,v1.0,verified,active,resolved,esta foto que muestra la peta de otto ritter con una grua es falsa,Esta foto que muestra la “peta” de Otto Ritter con una grúa es falsa. La verificación publicada por ChequeaBolivia clasifica la afirmación o contenido como falso y documenta evidencia de contraste.,tecnologia,31,197,9,foto;muestra;peta;Otto;Ritter;grúa;tecnologia;ChequeaBolivia
BO-FX-0046,Video viral que anuncia la venta de territorio de Bolivia a Argentina es falso,Video viral que anuncia la venta de territorio de Bolivia a Argentina es falso. La verificación publicada por ChequeaBolivia clasifica la afirmación o contenido como falso y documenta evidencia de contraste.,ChequeaBolivia,https://chequeabolivia.bo/video-viral-que-anuncia-la-venta-de-territorio-de-bolivia-argentina-es-falso,https://chequeabolivia.bo/video-viral-que-anuncia-la-venta-de-territorio-de-bolivia-argentina-es-falso,2026-03-10,Bolivia,es,FAKE,ChequeaBolivia,https://chequeabolivia.bo/video-viral-que-anuncia-la-venta-de-territorio-de-bolivia-argentina-es-falso,La verificación publicada por ChequeaBolivia clasifica la afirmación o contenido como falso y documenta evidencia de contraste.,a34c79f4b670c1bd67be5bfd4efbf9a1396c876217a1540e5d420ed259e29e34,CB-FX-0046,SG-FX-0046,v1.0,verified,active,resolved,video viral que anuncia la venta de territorio de bolivia a argentina es falso,Video viral que anuncia la venta de territorio de Bolivia a Argentina es falso. La verificación publicada por ChequeaBolivia clasifica la afirmación o contenido como falso y documenta evidencia de contraste.,tecnologia,31,207,9,Video;viral;anuncia;venta;territorio;Argentina;tecnologia;ChequeaBolivia
BO-FX-0047,Es falso que el video que difunde que jeques de los Emiratos Árabes Unidos negocian la compra de tierras en Bolivia,Es falso que el video que difunde que jeques de los Emiratos Árabes Unidos negocian la compra de tierras en Bolivia. La verificación publicada por ChequeaBolivia clasifica la afirmación o contenido como falso y documenta evidencia de contraste.,ChequeaBolivia,https://chequeabolivia.bo/es-falso-el-video-que-difunde-que-jeques-de-los-emiratos-arabes-unidos-negocian-la-compra-de,https://chequeabolivia.bo/es-falso-el-video-que-difunde-que-jeques-de-los-emiratos-arabes-unidos-negocian-la-compra-de,2026-03-12,Bolivia,es,FAKE,ChequeaBolivia,https://chequeabolivia.bo/es-falso-el-video-que-difunde-que-jeques-de-los-emiratos-arabes-unidos-negocian-la-compra-de,La verificación publicada por ChequeaBolivia clasifica la afirmación o contenido como falso y documenta evidencia de contraste.,6e7c21b3e0ed7c29d141888d7d1fc0964434b8cc87910cc1ced3c85dded11562,CB-FX-0047,SG-FX-0047,v1.0,verified,active,resolved,es falso que el video que difunde que jeques de los emiratos arabes unidos negocian la compra de tierras en bolivia,Es falso que el video que difunde que jeques de los Emiratos Árabes Unidos negocian la compra de tierras en Bolivia. La verificación publicada por ChequeaBolivia clasifica la afirmación o contenido como falso y documenta evidencia de...,tecnologia,38,244,11,video;difunde;jeques;Emiratos;Árabes;Unidos;negocian;compra
BO-FX-0048,Imagen de Eliser Roca junto a Eva Copa y Claudia Bilbao firmando un convenio es falsa,Imagen de Eliser Roca junto a Eva Copa y Claudia Bilbao firmando un convenio es falsa. La verificación publicada por ChequeaBolivia clasifica la afirmación o contenido como falso y documenta evidencia de contraste.,ChequeaBolivia,https://www.chequeabolivia.bo/imagen-de-eliser-roca-junto-eva-copa-y-claudia-bilbao-firmando-un-convenio-es-falsa,https://www.chequeabolivia.bo/imagen-de-eliser-roca-junto-eva-copa-y-claudia-bilbao-firmando-un-convenio-es-falsa,2026-03-10,Bolivia,es,FAKE,ChequeaBolivia,https://www.chequeabolivia.bo/imagen-de-eliser-roca-junto-eva-copa-y-claudia-bilbao-firmando-un-convenio-es-falsa,La verificación publicada por ChequeaBolivia clasifica la afirmación o contenido como falso y documenta evidencia de contraste.,b40642241f923f22c3872fad0c05d85594249fd23396f4a73c439eabf44593e0,CB-FX-0048,SG-FX-0048,v1.0,verified,active,resolved,imagen de eliser roca junto a eva copa y claudia bilbao firmando un convenio es falsa,Imagen de Eliser Roca junto a Eva Copa y Claudia Bilbao firmando un convenio es falsa. La verificación publicada por ChequeaBolivia clasifica la afirmación o contenido como falso y documenta evidencia de contraste.,tecnologia,33,214,10,Imagen;Eliser;Roca;junto;Eva;Copa;Claudia;Bilbao
BO-FX-0049,Es falso que Brissa Pabón publicó video sobre irregularidades de Mamen Saavedra en el recojo de basura,Es falso que Brissa Pabón publicó video sobre irregularidades de Mamen Saavedra en el recojo de basura. La verificación publicada por ChequeaBolivia clasifica la afirmación o contenido como falso y documenta evidencia de contraste.,ChequeaBolivia,https://www.chequeabolivia.bo/es-falso-que-brissa-pabon-publico-video-sobre-irregularidades-de-mamen-saavedra-en-el-recojo-de,https://www.chequeabolivia.bo/es-falso-que-brissa-pabon-publico-video-sobre-irregularidades-de-mamen-saavedra-en-el-recojo-de,2026-03-10,Bolivia,es,FAKE,ChequeaBolivia,https://www.chequeabolivia.bo/es-falso-que-brissa-pabon-publico-video-sobre-irregularidades-de-mamen-saavedra-en-el-recojo-de,La verificación publicada por ChequeaBolivia clasifica la afirmación o contenido como falso y documenta evidencia de contraste.,bd953f1d739b4ef5ea3f8e92de132fd25202a94959ae3d7331be7f81bff1e0b1,CB-FX-0049,SG-FX-0049,v1.0,verified,active,resolved,es falso que brissa pabon publico video sobre irregularidades de mamen saavedra en el recojo de basura,Es falso que Brissa Pabón publicó video sobre irregularidades de Mamen Saavedra en el recojo de basura. La verificación publicada por ChequeaBolivia clasifica la afirmación o contenido como falso y documenta evidencia de contraste.,tecnologia,34,231,10,Brissa;Pabón;publicó;video;irregularidades;Mamen;Saavedra;recojo
BO-FX-0050,Esta imagen de campesinos y transportistas pidiendo a Evo que deje de bloquear fue hecha con IA,Esta imagen de campesinos y transportistas pidiendo a Evo que deje de bloquear fue hecha con IA. La verificación publicada por ChequeaBolivia clasifica la afirmación o contenido como falso y documenta evidencia de contraste.,ChequeaBolivia,https://www.chequeabolivia.bo/esta-imagen-de-campesinos-y-transportistas-pidiendo-evo-que-deje-de-bloquear-fue-hecha-con-ia,https://www.chequeabolivia.bo/esta-imagen-de-campesinos-y-transportistas-pidiendo-evo-que-deje-de-bloquear-fue-hecha-con-ia,2026-05-11,Bolivia,es,FAKE,ChequeaBolivia,https://www.chequeabolivia.bo/esta-imagen-de-campesinos-y-transportistas-pidiendo-evo-que-deje-de-bloquear-fue-hecha-con-ia,La verificación publicada por ChequeaBolivia clasifica la afirmación o contenido como falso y documenta evidencia de contraste.,7f59400f0c17f65ffe961d73c3dca6296db4f49906537026496cd86af048c7c3,CB-FX-0050,SG-FX-0050,v1.0,verified,active,resolved,esta imagen de campesinos y transportistas pidiendo a evo que deje de bloquear fue hecha con ia,Esta imagen de campesinos y transportistas pidiendo a Evo que deje de bloquear fue hecha con IA. La verificación publicada por ChequeaBolivia clasifica la afirmación o contenido como falso y documenta evidencia de contraste.,tecnologia,34,224,10,imagen;campesinos;transportistas;pidiendo;Evo;deje;bloquear;fue
BO-RX-0001,Tiene que haber responsables: Paz pide actuar con firmeza para encarcelar a los bloqueadores,Tiene que haber responsables: Paz pide actuar con firmeza para encarcelar a los bloqueadores. Noticia publicada por El Deber.,El Deber,https://eldeber.com.bo/pais/tiene-haber-responsables-paz-pide-actuar-firmeza-encarcelar-bloqueadores_1782305914,https://eldeber.com.bo/pais/tiene-haber-responsables-paz-pide-actuar-firmeza-encarcelar-bloqueadores_1782305914,2026-06-24,Bolivia,es,REAL,El Deber,https://eldeber.com.bo/pais/tiene-haber-responsables-paz-pide-actuar-firmeza-encarcelar-bloqueadores_1782305914,Publicación identificable en el sitio de la fuente; el título y la fecha corresponden al registro recuperado.,637dd93da6bb9c947631d6f1631af34acd9bd0f8dc2d1af98759bf2e4c93276b,El-Deber-RX-0001,SG-RX-0001,v1.0,verified,active,resolved,tiene que haber responsables paz pide actuar con firmeza para encarcelar a los bloqueadores,Tiene que haber responsables: Paz pide actuar con firmeza para encarcelar a los bloqueadores. Noticia publicada por El Deber.,tecnologia,19,125,6,Tiene;haber;responsables;Paz;pide;actuar;firmeza;encarcelar
BO-RX-0002,El país ante una prueba decisiva,El país ante una prueba decisiva. Noticia publicada por El Deber.,El Deber,https://eldeber.com.bo/opinion/pais-prueba-decisiva_1781398359,https://eldeber.com.bo/opinion/pais-prueba-decisiva_1781398359,2026-06-14,Bolivia,es,REAL,El Deber,https://eldeber.com.bo/opinion/pais-prueba-decisiva_1781398359,Publicación identificable en el sitio de la fuente; el título y la fecha corresponden al registro recuperado.,acad3ba63be585f836a068ca6bf66090d7968670281b9653616fc340eb4b35a7,El-Deber-RX-0002,SG-RX-0002,v1.0,verified,active,resolved,el pais ante una prueba decisiva,El país ante una prueba decisiva. Noticia publicada por El Deber.,tecnologia,11,65,3,país;ante;prueba;decisiva;tecnologia;El Deber
BO-RX-0003,El descaro de Evo Morales,El descaro de Evo Morales. Noticia publicada por El Deber.,El Deber,https://eldeber.com.bo/opinion/descaro-evo-morales_1779411023,https://eldeber.com.bo/opinion/descaro-evo-morales_1779411023,2026-05-22,Bolivia,es,REAL,El Deber,https://eldeber.com.bo/opinion/descaro-evo-morales_1779411023,Publicación identificable en el sitio de la fuente; el título y la fecha corresponden al registro recuperado.,dd34ae617c604aea4f315eba4ad24c50d1eef79d98d0f0c1123e97d844a60e30,El-Deber-RX-0003,SG-RX-0003,v1.0,verified,active,resolved,el descaro de evo morales,El descaro de Evo Morales. Noticia publicada por El Deber.,tecnologia,10,58,3,descaro;Evo;Morales;tecnologia;El Deber
BO-RX-0004,La cumbre política que Bolivia necesita,La cumbre política que Bolivia necesita. Noticia publicada por El Deber.,El Deber,https://eldeber.com.bo/opinion/cumbre-politica-bolivia-necesita_1778122612,https://eldeber.com.bo/opinion/cumbre-politica-bolivia-necesita_1778122612,2026-05-07,Bolivia,es,REAL,El Deber,https://eldeber.com.bo/opinion/cumbre-politica-bolivia-necesita_1778122612,Publicación identificable en el sitio de la fuente; el título y la fecha corresponden al registro recuperado.,080726d7a9566f445439363414988c1ef7b60fdbbf45d847cc6bdef9455d709f,El-Deber-RX-0004,SG-RX-0004,v1.0,verified,active,resolved,la cumbre politica que bolivia necesita,La cumbre política que Bolivia necesita. Noticia publicada por El Deber.,tecnologia,11,72,3,cumbre;política;necesita;tecnologia;El Deber
BO-RX-0005,Brigadas Parlamentarias respaldan medidas para restablecer el orden en Bolivia,Brigadas Parlamentarias respaldan medidas para restablecer el orden en Bolivia. Noticia publicada por El Deber.,El Deber,https://eldeber.com.bo/pais/brigadas-parlamentarias-respaldan-medidas-restablecer-orden-bolivia_1782162243,https://eldeber.com.bo/pais/brigadas-parlamentarias-respaldan-medidas-restablecer-orden-bolivia_1782162243,2026-06-22,Bolivia,es,REAL,El Deber,https://eldeber.com.bo/pais/brigadas-parlamentarias-respaldan-medidas-restablecer-orden-bolivia_1782162243,Publicación identificable en el sitio de la fuente; el título y la fecha corresponden al registro recuperado.,a36e929c0063e3308b301a22bc9375fc931d159376edd2f7aba1ee054ac6cd2f,El-Deber-RX-0005,SG-RX-0005,v1.0,verified,active,resolved,brigadas parlamentarias respaldan medidas para restablecer el orden en bolivia,Brigadas Parlamentarias respaldan medidas para restablecer el orden en Bolivia. Noticia publicada por El Deber.,tecnologia,15,111,4,Brigadas;Parlamentarias;respaldan;medidas;restablecer;orden;tecnologia;El Deber
BO-RX-0006,Ministro de Defensa a los bloqueadores: Esta no será una respuesta improvisada,Ministro de Defensa a los bloqueadores: Esta no será una respuesta improvisada. Noticia publicada por El Deber.,El Deber,https://eldeber.com.bo/pais/ministro-defensa-bloqueadores-esta-no-sera-respuesta-improvisada-sera-respuesta-democratica-estado_1781019684,https://eldeber.com.bo/pais/ministro-defensa-bloqueadores-esta-no-sera-respuesta-improvisada-sera-respuesta-democratica-estado_1781019684,2026-06-09,Bolivia,es,REAL,El Deber,https://eldeber.com.bo/pais/ministro-defensa-bloqueadores-esta-no-sera-respuesta-improvisada-sera-respuesta-democratica-estado_1781019684,Publicación identificable en el sitio de la fuente; el título y la fecha corresponden al registro recuperado.,3bbe2473d0ce5f8b65cfe9b3df3177c0771e0fe6f02333e1850de99c311adc62,El-Deber-RX-0006,SG-RX-0006,v1.0,verified,active,resolved,ministro de defensa a los bloqueadores esta no sera una respuesta improvisada,Ministro de Defensa a los bloqueadores: Esta no será una respuesta improvisada. Noticia publicada por El Deber.,tecnologia,17,111,5,Ministro;Defensa;bloqueadores;será;respuesta;improvisada;tecnologia;El Deber
BO-RX-0007,Nadie puede estar por encima de la democracia,Nadie puede estar por encima de la democracia. Noticia publicada por El Deber.,El Deber,https://eldeber.com.bo/opinion/nadie-puede-estar-encima-democracia_1782092408,https://eldeber.com.bo/opinion/nadie-puede-estar-encima-democracia_1782092408,2026-06-22,Bolivia,es,REAL,El Deber,https://eldeber.com.bo/opinion/nadie-puede-estar-encima-democracia_1782092408,Publicación identificable en el sitio de la fuente; el título y la fecha corresponden al registro recuperado.,9151743c84676b87b18b7df32e2b22a2c2fc8114d5ced84a8bff9abb0075be9c,El-Deber-RX-0007,SG-RX-0007,v1.0,verified,active,resolved,nadie puede estar por encima de la democracia,Nadie puede estar por encima de la democracia. Noticia publicada por El Deber.,tecnologia,13,78,4,Nadie;puede;estar;encima;democracia;tecnologia;El Deber
BO-RX-0008,Ministro de Defensa ante la exigencia de la COB: Bolivia no puede ser rehén de una condición judicial,Ministro de Defensa ante la exigencia de la COB: Bolivia no puede ser rehén de una condición judicial. Noticia publicada por El Deber.,El Deber,https://eldeber.com.bo/pais/ministro-defensa-exigencia-cob-bolivia-no-puede-ser-rehen-condicion-judicial_1781800617,https://eldeber.com.bo/pais/ministro-defensa-exigencia-cob-bolivia-no-puede-ser-rehen-condicion-judicial_1781800617,2026-06-18,Bolivia,es,REAL,El Deber,https://eldeber.com.bo/pais/ministro-defensa-exigencia-cob-bolivia-no-puede-ser-rehen-condicion-judicial_1781800617,Publicación identificable en el sitio de la fuente; el título y la fecha corresponden al registro recuperado.,3fb66e8de1e30304f15329b5de2c0373ff15a239b87a00cf1bc63d3eba4388a5,El-Deber-RX-0008,SG-RX-0008,v1.0,verified,active,resolved,ministro de defensa ante la exigencia de la cob bolivia no puede ser rehen de una condicion judicial,Ministro de Defensa ante la exigencia de la COB: Bolivia no puede ser rehén de una condición judicial. Noticia publicada por El Deber.,tecnologia,23,134,7,Ministro;Defensa;ante;exigencia;COB;puede;ser;rehén
BO-RX-0009,Un país al borde del abismo,Un país al borde del abismo. Noticia publicada por El Deber.,El Deber,https://eldeber.com.bo/opinion/pais-borde-abismo_1779750469,https://eldeber.com.bo/opinion/pais-borde-abismo_1779750469,2026-05-26,Bolivia,es,REAL,El Deber,https://eldeber.com.bo/opinion/pais-borde-abismo_1779750469,Publicación identificable en el sitio de la fuente; el título y la fecha corresponden al registro recuperado.,30aa15a9b4d378a3c07d423bc50442aa0e338ad4c7bd599cf7c430221ec782aa,El-Deber-RX-0009,SG-RX-0009,v1.0,verified,active,resolved,un pais al borde del abismo,Un país al borde del abismo. Noticia publicada por El Deber.,tecnologia,11,60,3,país;borde;abismo;tecnologia;El Deber
BO-RX-0010,La Paz: Convocan a marcha ciudadana contra los bloqueos y la crisis económica,La Paz: Convocan a marcha ciudadana contra los bloqueos y la crisis económica. Noticia publicada por El Deber.,El Deber,https://eldeber.com.bo/pais/paz-convocan-marcha-ciudadana-bloqueos-crisis-economica_1781204663,https://eldeber.com.bo/pais/paz-convocan-marcha-ciudadana-bloqueos-crisis-economica_1781204663,2026-06-11,Bolivia,es,REAL,El Deber,https://eldeber.com.bo/pais/paz-convocan-marcha-ciudadana-bloqueos-crisis-economica_1781204663,Publicación identificable en el sitio de la fuente; el título y la fecha corresponden al registro recuperado.,f482701107a8784a48820862975785c1d21a2ba4a4dc22b10606a7332974c0f4,El-Deber-RX-0010,SG-RX-0010,v1.0,verified,active,resolved,la paz convocan a marcha ciudadana contra los bloqueos y la crisis economica,La Paz: Convocan a marcha ciudadana contra los bloqueos y la crisis económica. Noticia publicada por El Deber.,tecnologia,18,110,5,Paz;Convocan;marcha;ciudadana;contra;bloqueos;crisis;económica
BO-RX-0011,Defensor del Pueblo advierte que Bolivia está al borde del precipicio por la prolongación del conflicto,Defensor del Pueblo advierte que Bolivia está al borde del precipicio por la prolongación del conflicto. Noticia publicada por El Deber.,El Deber,https://eldeber.com.bo/pais/defensor-pueblo-advierte-bolivia-esta-borde-precipicio-prolongacion-conflicto_1779745544,https://eldeber.com.bo/pais/defensor-pueblo-advierte-bolivia-esta-borde-precipicio-prolongacion-conflicto_1779745544,2026-05-25,Bolivia,es,REAL,El Deber,https://eldeber.com.bo/pais/defensor-pueblo-advierte-bolivia-esta-borde-precipicio-prolongacion-conflicto_1779745544,Publicación identificable en el sitio de la fuente; el título y la fecha corresponden al registro recuperado.,83c216a994fef9103fda77dd8c0318402ea1f7ac1eb4717b7b5e1c9c5ea8953e,El-Deber-RX-0011,SG-RX-0011,v1.0,verified,active,resolved,defensor del pueblo advierte que bolivia esta al borde del precipicio por la prolongacion del conflicto,Defensor del Pueblo advierte que Bolivia está al borde del precipicio por la prolongación del conflicto. Noticia publicada por El Deber.,tecnologia,21,136,6,Defensor;Pueblo;advierte;está;borde;precipicio;prolongación;conflicto
BO-RX-0012,Posesión de autoridades electas inicia nuevo ciclo político en Bolivia,Posesión de autoridades electas inicia nuevo ciclo político en Bolivia. Noticia publicada por Los Tiempos.,Los Tiempos,https://www.lostiempos.com/actualidad/pais/20260504/posesion-autoridades-electas-inicia-nuevo-ciclo-politico-bolivia,https://www.lostiempos.com/actualidad/pais/20260504/posesion-autoridades-electas-inicia-nuevo-ciclo-politico-bolivia,2026-05-04,Bolivia,es,REAL,Los Tiempos,https://www.lostiempos.com/actualidad/pais/20260504/posesion-autoridades-electas-inicia-nuevo-ciclo-politico-bolivia,Publicación identificable en el sitio de la fuente; el título y la fecha corresponden al registro recuperado.,4d85c8f53258254f1636e5224774527011935cac5c32b4470eb991bbebbcecad,Los-Tiempos-RX-0012,SG-RX-0012,v1.0,verified,active,resolved,posesion de autoridades electas inicia nuevo ciclo politico en bolivia,Posesión de autoridades electas inicia nuevo ciclo político en Bolivia. Noticia publicada por Los Tiempos.,tecnologia,15,106,4,Posesión;autoridades;electas;inicia;nuevo;ciclo;político;tecnologia
BO-RX-0013,El Presidente promulga la norma que abroga la Ley 1720,El Presidente promulga la norma que abroga la Ley 1720. Noticia publicada por Los Tiempos.,Los Tiempos,https://www.lostiempos.com/actualidad/pais/20260513/presidente-promulga-norma-que-abroga-ley-1720,https://www.lostiempos.com/actualidad/pais/20260513/presidente-promulga-norma-que-abroga-ley-1720,2026-05-13,Bolivia,es,REAL,Los Tiempos,https://www.lostiempos.com/actualidad/pais/20260513/presidente-promulga-norma-que-abroga-ley-1720,Publicación identificable en el sitio de la fuente; el título y la fecha corresponden al registro recuperado.,b1817587405c3c5cfafffc4b733faaaded67b81465b9d3ce737a9b643fc86b2d,Los-Tiempos-RX-0013,SG-RX-0013,v1.0,verified,active,resolved,el presidente promulga la norma que abroga la ley 1720,El Presidente promulga la norma que abroga la Ley 1720. Noticia publicada por Los Tiempos.,tecnologia,15,90,4,Presidente;promulga;norma;abroga;Ley;1720;tecnologia;Los Tiempos
BO-RX-0014,Bolivia emite nuevos bonos soberanos y recauda $us 1.000 millones,Bolivia emite nuevos bonos soberanos y recauda $us 1.000 millones. Noticia publicada por Los Tiempos.,Los Tiempos,https://www.lostiempos.com/actualidad/economia/20260507/bolivia-emite-nuevos-bonos-soberanos-recauda-us-1000-millones,https://www.lostiempos.com/actualidad/economia/20260507/bolivia-emite-nuevos-bonos-soberanos-recauda-us-1000-millones,2026-05-07,Bolivia,es,REAL,Los Tiempos,https://www.lostiempos.com/actualidad/economia/20260507/bolivia-emite-nuevos-bonos-soberanos-recauda-us-1000-millones,Publicación identificable en el sitio de la fuente; el título y la fecha corresponden al registro recuperado.,1d739d53a580a347dbb678b85579d143acbd1dcc9dfaba9d5ada752f5bd53f62,Los-Tiempos-RX-0014,SG-RX-0014,v1.0,verified,active,resolved,bolivia emite nuevos bonos soberanos y recauda us 1 000 millones,Bolivia emite nuevos bonos soberanos y recauda $us 1.000 millones. Noticia publicada por Los Tiempos.,tecnologia,15,101,4,emite;nuevos;bonos;soberanos;recauda;000;millones;tecnologia
BO-RX-0015,TSE afina datos del Padrón Electoral y la lista de los candidatos habilitados,TSE afina datos del Padrón Electoral y la lista de los candidatos habilitados. Noticia publicada por Los Tiempos.,Los Tiempos,https://www.lostiempos.com/actualidad/pais/20260212/tse-afina-datos-del-padron-electoral-lista-candidatos-habilitados,https://www.lostiempos.com/actualidad/pais/20260212/tse-afina-datos-del-padron-electoral-lista-candidatos-habilitados,2026-02-12,Bolivia,es,REAL,Los Tiempos,https://www.lostiempos.com/actualidad/pais/20260212/tse-afina-datos-del-padron-electoral-lista-candidatos-habilitados,Publicación identificable en el sitio de la fuente; el título y la fecha corresponden al registro recuperado.,9b29b9ec858aaf19236fea81188e3dff4eab519f590738147b423f6252592c39,Los-Tiempos-RX-0015,SG-RX-0015,v1.0,verified,active,resolved,tse afina datos del padron electoral y la lista de los candidatos habilitados,TSE afina datos del Padrón Electoral y la lista de los candidatos habilitados. Noticia publicada por Los Tiempos.,tecnologia,18,113,5,TSE;afina;datos;Padrón;Electoral;lista;candidatos;habilitados
BO-RX-0016,TSE prevé entregar el nuevo Padrón Electoral y la modificación de la ley hasta 2027,TSE prevé entregar el nuevo Padrón Electoral y la modificación de la ley hasta 2027. Noticia publicada por Los Tiempos.,Los Tiempos,https://www.lostiempos.com/actualidad/pais/20260428/tse-preve-entregar-nuevo-padron-electoral-modificacion-ley-2027,https://www.lostiempos.com/actualidad/pais/20260428/tse-preve-entregar-nuevo-padron-electoral-modificacion-ley-2027,2026-04-28,Bolivia,es,REAL,Los Tiempos,https://www.lostiempos.com/actualidad/pais/20260428/tse-preve-entregar-nuevo-padron-electoral-modificacion-ley-2027,Publicación identificable en el sitio de la fuente; el título y la fecha corresponden al registro recuperado.,0cccc130ca69302ec03d4e197d1b8d77c6e8d7f6b8f3551df4c6d150df75b102,Los-Tiempos-RX-0016,SG-RX-0016,v1.0,verified,active,resolved,tse preve entregar el nuevo padron electoral y la modificacion de la ley hasta 2027,TSE prevé entregar el nuevo Padrón Electoral y la modificación de la ley hasta 2027. Noticia publicada por Los Tiempos.,tecnologia,20,119,6,TSE;prevé;entregar;nuevo;Padrón;Electoral;modificación;ley
BO-RX-0017,Decreto 5613 fija lineamientos para la dotación y titulación de tierras en la Amazonía,Decreto 5613 fija lineamientos para la dotación y titulación de tierras en la Amazonía. Noticia publicada por ABI.,ABI,https://abi.bo/page/202/,https://abi.bo/page/202/,2026-04-29,Bolivia,es,REAL,ABI,https://abi.bo/page/202/,Publicación identificable en el sitio de la fuente; el título y la fecha corresponden al registro recuperado.,c749147ebeb919ff9a3546f857ee9fefa1f11cd0c2d9634b8d803dbb9fa9e5c8,ABI-RX-0017,SG-RX-0017,v1.0,verified,active,resolved,decreto 5613 fija lineamientos para la dotacion y titulacion de tierras en la amazonia,Decreto 5613 fija lineamientos para la dotación y titulación de tierras en la Amazonía. Noticia publicada por ABI.,tecnologia,18,114,5,Decreto;5613;fija;lineamientos;dotación;titulación;tierras;Amazonía
BO-RX-0018,Aseguran que la nueva Ley de Hidrocarburos impulsará a YPFB hacia su rol productivo,Aseguran que la nueva Ley de Hidrocarburos impulsará a YPFB hacia su rol productivo. Noticia publicada por ABI.,ABI,https://abi.bo/page/202/,https://abi.bo/page/202/,2026-04-29,Bolivia,es,REAL,ABI,https://abi.bo/page/202/,Publicación identificable en el sitio de la fuente; el título y la fecha corresponden al registro recuperado.,019e70336fa8d35bb7b2d45279828c772f99113e9ff26267314275fb43cab9d9,ABI-RX-0018,SG-RX-0018,v1.0,verified,active,resolved,aseguran que la nueva ley de hidrocarburos impulsara a ypfb hacia su rol productivo,Aseguran que la nueva Ley de Hidrocarburos impulsará a YPFB hacia su rol productivo. Noticia publicada por ABI.,tecnologia,18,111,5,Aseguran;nueva;Ley;Hidrocarburos;impulsará;YPFB;hacia;rol
BO-RX-0019,Gobierno y comunidades indígenas dialogarán este miércoles en Caranavi sobre el Decreto Supremo 5613,Gobierno y comunidades indígenas dialogarán este miércoles en Caranavi sobre el Decreto Supremo 5613. Noticia publicada por ABI.,ABI,https://abi.bo/page/202/,https://abi.bo/page/202/,2026-04-29,Bolivia,es,REAL,ABI,https://abi.bo/page/202/,Publicación identificable en el sitio de la fuente; el título y la fecha corresponden al registro recuperado.,94e7531b574f68b07dfc80d42b0fba0ffcb34cdae99c062176f3dddf5c518f07,ABI-RX-0019,SG-RX-0019,v1.0,verified,active,resolved,gobierno y comunidades indigenas dialogaran este miercoles en caranavi sobre el decreto supremo 5613,Gobierno y comunidades indígenas dialogarán este miércoles en Caranavi sobre el Decreto Supremo 5613. Noticia publicada por ABI.,tecnologia,18,128,5,Gobierno;comunidades;indígenas;dialogarán;miércoles;Caranavi;Decreto;Supremo
BO-RX-0020,"Suman 20,3 millones de Bs en compensaciones por gasolina desestabilizada","Suman 20,3 millones de Bs en compensaciones por gasolina desestabilizada. Noticia publicada por ABI.",ABI,https://abi.bo/page/202/,https://abi.bo/page/202/,2026-04-29,Bolivia,es,REAL,ABI,https://abi.bo/page/202/,Publicación identificable en el sitio de la fuente; el título y la fecha corresponden al registro recuperado.,5672105075eb7d81846d4e3788baaedd834bc51f057b336ad014a5a8d63c7c70,ABI-RX-0020,SG-RX-0020,v1.0,verified,active,resolved,suman 20 3 millones de bs en compensaciones por gasolina desestabilizada,"Suman 20,3 millones de Bs en compensaciones por gasolina desestabilizada. Noticia publicada por ABI.",tecnologia,14,100,4,Suman;millones;compensaciones;gasolina;desestabilizada;tecnologia;ABI
BO-RX-0021,Bolivia y Perú firman memorándum que amplía derechos aerocomerciales,Bolivia y Perú firman memorándum que amplía derechos aerocomerciales. Noticia publicada por ABI.,ABI,https://abi.bo/page/202/,https://abi.bo/page/202/,2026-04-29,Bolivia,es,REAL,ABI,https://abi.bo/page/202/,Publicación identificable en el sitio de la fuente; el título y la fecha corresponden al registro recuperado.,00992c2558588cb7b8cfc00490baaf4f169724ec85f553c2bdcc3204902171be,ABI-RX-0021,SG-RX-0021,v1.0,verified,active,resolved,bolivia y peru firman memorandum que amplia derechos aerocomerciales,Bolivia y Perú firman memorándum que amplía derechos aerocomerciales. Noticia publicada por ABI.,tecnologia,13,96,4,Perú;firman;memorándum;amplía;derechos;aerocomerciales;tecnologia;ABI
BO-RX-0022,"Desde el 1 de mayo, la ABC levanta restricción vehicular en el tramo Llavini-Bombeo","Desde el 1 de mayo, la ABC levanta restricción vehicular en el tramo Llavini-Bombeo. Noticia publicada por ABI.",ABI,https://abi.bo/page/202/,https://abi.bo/page/202/,2026-04-29,Bolivia,es,REAL,ABI,https://abi.bo/page/202/,Publicación identificable en el sitio de la fuente; el título y la fecha corresponden al registro recuperado.,d9c63dfce6ec8f8ead944e859da5db8f91ae556137e5c32d340ecc8799117c90,ABI-RX-0022,SG-RX-0022,v1.0,verified,active,resolved,desde el 1 de mayo la abc levanta restriccion vehicular en el tramo llavini bombeo,"Desde el 1 de mayo, la ABC levanta restricción vehicular en el tramo Llavini-Bombeo. Noticia publicada por ABI.",tecnologia,18,111,5,Desde;mayo;ABC;levanta;restricción;vehicular;tramo;Llavini
BO-RX-0023,Obras Públicas confirma la cumbre del transporte para el 8 de mayo,Obras Públicas confirma la cumbre del transporte para el 8 de mayo. Noticia publicada por ABI.,ABI,https://abi.bo/page/202/,https://abi.bo/page/202/,2026-04-29,Bolivia,es,REAL,ABI,https://abi.bo/page/202/,Publicación identificable en el sitio de la fuente; el título y la fecha corresponden al registro recuperado.,f262ce1555a669b640bd4cc4ed8201856113e56624248e101c153f3924dbd85c,ABI-RX-0023,SG-RX-0023,v1.0,verified,active,resolved,obras publicas confirma la cumbre del transporte para el 8 de mayo,Obras Públicas confirma la cumbre del transporte para el 8 de mayo. Noticia publicada por ABI.,tecnologia,16,94,5,Obras;Públicas;confirma;cumbre;transporte;mayo;tecnologia;ABI
BO-RX-0024,Incautan 148 bolsas con explosivos transportados en un camión en Oruro,Incautan 148 bolsas con explosivos transportados en un camión en Oruro. Noticia publicada por ABI.,ABI,https://abi.bo/page/202/,https://abi.bo/page/202/,2026-03-03,Bolivia,es,REAL,ABI,https://abi.bo/page/202/,Publicación identificable en el sitio de la fuente; el título y la fecha corresponden al registro recuperado.,faba992798cc2acbef7d93a20749f90ce5332ca40642a7c954e45f5333a42f90,ABI-RX-0024,SG-RX-0024,v1.0,verified,active,resolved,incautan 148 bolsas con explosivos transportados en un camion en oruro,Incautan 148 bolsas con explosivos transportados en un camión en Oruro. Noticia publicada por ABI.,tecnologia,15,98,4,Incautan;148;bolsas;explosivos;transportados;camión;Oruro;tecnologia
BO-RX-0025,Concejo cruceño convoca a sesión para elegir alcalde interino que reemplace a Jhonny Fernández,Concejo cruceño convoca a sesión para elegir alcalde interino que reemplace a Jhonny Fernández. Noticia publicada por ABI.,ABI,https://abi.bo/page/202/,https://abi.bo/page/202/,2026-03-03,Bolivia,es,REAL,ABI,https://abi.bo/page/202/,Publicación identificable en el sitio de la fuente; el título y la fecha corresponden al registro recuperado.,cd8ba43b3cfa1c4c8bd3c70d5d5147d190d3c14463d1ec98dc0edf5889f320c8,ABI-RX-0025,SG-RX-0025,v1.0,verified,active,resolved,concejo cruceno convoca a sesion para elegir alcalde interino que reemplace a jhonny fernandez,Concejo cruceño convoca a sesión para elegir alcalde interino que reemplace a Jhonny Fernández. Noticia publicada por ABI.,tecnologia,18,122,5,Concejo;cruceño;convoca;sesión;elegir;alcalde;interino;reemplace
BO-RX-0026,Aprehenden a una persona por la construcción del edificio de la Aduana en Tarija,Aprehenden a una persona por la construcción del edificio de la Aduana en Tarija. Noticia publicada por ABI.,ABI,https://abi.bo/page/202/,https://abi.bo/page/202/,2026-03-03,Bolivia,es,REAL,ABI,https://abi.bo/page/202/,Publicación identificable en el sitio de la fuente; el título y la fecha corresponden al registro recuperado.,2d51133f013f45e0c60195ea7db22e6202c1898fc36722f3c1c317d84365badd,ABI-RX-0026,SG-RX-0026,v1.0,verified,active,resolved,aprehenden a una persona por la construccion del edificio de la aduana en tarija,Aprehenden a una persona por la construcción del edificio de la Aduana en Tarija. Noticia publicada por ABI.,tecnologia,18,108,5,Aprehenden;persona;construcción;edificio;Aduana;Tarija;tecnologia;ABI
BO-RX-0027,COED anuncia jornadas de limpieza este fin de semana para combatir la chikungunya en Santa Cruz,COED anuncia jornadas de limpieza este fin de semana para combatir la chikungunya en Santa Cruz. Noticia publicada por ABI.,ABI,https://abi.bo/page/202/,https://abi.bo/page/202/,2026-03-03,Bolivia,es,REAL,ABI,https://abi.bo/page/202/,Publicación identificable en el sitio de la fuente; el título y la fecha corresponden al registro recuperado.,921e61c32daf59fdb516a24e0f03aa2164279cdcd4559bff6bec35fb6c640f84,ABI-RX-0027,SG-RX-0027,v1.0,verified,active,resolved,coed anuncia jornadas de limpieza este fin de semana para combatir la chikungunya en santa cruz,COED anuncia jornadas de limpieza este fin de semana para combatir la chikungunya en Santa Cruz. Noticia publicada por ABI.,tecnologia,20,123,6,COED;anuncia;jornadas;limpieza;fin;semana;combatir;chikungunya
BO-RX-0028,Bolivia asume la Presidencia Pro Témpore del Consejo Agropecuario del Sur,Bolivia asume la Presidencia Pro Témpore del Consejo Agropecuario del Sur. Noticia publicada por ABI.,ABI,https://abi.bo/page/202/,https://abi.bo/page/202/,2026-03-03,Bolivia,es,REAL,ABI,https://abi.bo/page/202/,Publicación identificable en el sitio de la fuente; el título y la fecha corresponden al registro recuperado.,94296dfd3f277dc857c6d1d7075939f67e587ecf4047ff7729b83b6179b9281e,ABI-RX-0028,SG-RX-0028,v1.0,verified,active,resolved,bolivia asume la presidencia pro tempore del consejo agropecuario del sur,Bolivia asume la Presidencia Pro Témpore del Consejo Agropecuario del Sur. Noticia publicada por ABI.,tecnologia,15,101,4,asume;Presidencia;Pro;Témpore;Consejo;Agropecuario;Sur;tecnologia
BO-RX-0029,Premio Eduardo Abaroa recibe alrededor de 700 postulaciones al cierre de su convocatoria,Premio Eduardo Abaroa recibe alrededor de 700 postulaciones al cierre de su convocatoria. Noticia publicada por ABI.,ABI,https://abi.bo/page/202/,https://abi.bo/page/202/,2026-03-03,Bolivia,es,REAL,ABI,https://abi.bo/page/202/,Publicación identificable en el sitio de la fuente; el título y la fecha corresponden al registro recuperado.,04dbefd9883ef081802bb5321438c166edbb30df4c65e2cd10e94cb8accfcf9a,ABI-RX-0029,SG-RX-0029,v1.0,verified,active,resolved,premio eduardo abaroa recibe alrededor de 700 postulaciones al cierre de su convocatoria,Premio Eduardo Abaroa recibe alrededor de 700 postulaciones al cierre de su convocatoria. Noticia publicada por ABI.,tecnologia,17,116,5,Premio;Eduardo;Abaroa;recibe;alrededor;700;postulaciones;cierre
BO-RX-0030,Todo lo que debes saber: Más de 8 millones de tarjetas de débito y crédito vuelven a operar con normalidad en Bolivia,Todo lo que debes saber: Más de 8 millones de tarjetas de débito y crédito vuelven a operar con normalidad en Bolivia. Noticia publicada por ABI.,ABI,https://abi.bo/page/203/,https://abi.bo/page/203/,2026-04-06,Bolivia,es,REAL,ABI,https://abi.bo/page/203/,Publicación identificable en el sitio de la fuente; el título y la fecha corresponden al registro recuperado.,ab48236aaf5b9b9ca9e02e495e44ec2e1915ef08ee2fa52bd3232e2374bf249d,ABI-RX-0030,SG-RX-0030,v1.0,verified,active,resolved,todo lo que debes saber mas de 8 millones de tarjetas de debito y credito vuelven a operar con normalidad en bolivia,Todo lo que debes saber: Más de 8 millones de tarjetas de débito y crédito vuelven a operar con normalidad en Bolivia. Noticia publicada por ABI.,tecnologia,26,145,8,Todo;debes;saber;Más;millones;tarjetas;débito;crédito
BO-RX-0031,"Paro indefinido en Oruro: bloqueos afectan viajes a La Paz, Cochabamba y Santa Cruz","Paro indefinido en Oruro: bloqueos afectan viajes a La Paz, Cochabamba y Santa Cruz. Noticia publicada por ABI.",ABI,https://abi.bo/page/203/,https://abi.bo/page/203/,2026-04-06,Bolivia,es,REAL,ABI,https://abi.bo/page/203/,Publicación identificable en el sitio de la fuente; el título y la fecha corresponden al registro recuperado.,29371c5fa4057c3438df39df8bb9824af245b9c3706430cf648faa0bf17ba7cc,ABI-RX-0031,SG-RX-0031,v1.0,verified,active,resolved,paro indefinido en oruro bloqueos afectan viajes a la paz cochabamba y santa cruz,"Paro indefinido en Oruro: bloqueos afectan viajes a La Paz, Cochabamba y Santa Cruz. Noticia publicada por ABI.",tecnologia,18,111,5,Paro;indefinido;Oruro;bloqueos;afectan;viajes;Paz;Cochabamba
BO-RX-0032,Órgano Electoral recuerda seis casos en que partidos retiraron candidaturas,Órgano Electoral recuerda seis casos en que partidos retiraron candidaturas. Noticia publicada por ABI.,ABI,https://abi.bo/page/203/,https://abi.bo/page/203/,2026-04-06,Bolivia,es,REAL,ABI,https://abi.bo/page/203/,Publicación identificable en el sitio de la fuente; el título y la fecha corresponden al registro recuperado.,c7c044051579070d44302305566d19be3bdd1c0121343dea75719846f0119205,ABI-RX-0032,SG-RX-0032,v1.0,verified,active,resolved,organo electoral recuerda seis casos en que partidos retiraron candidaturas,Órgano Electoral recuerda seis casos en que partidos retiraron candidaturas. Noticia publicada por ABI.,tecnologia,14,103,4,Órgano;Electoral;recuerda;seis;casos;partidos;retiraron;candidaturas
BO-RX-0033,Intensifican la búsqueda de un bebé tras caída de minibús a un río en Quime,Intensifican la búsqueda de un bebé tras caída de minibús a un río en Quime. Noticia publicada por ABI.,ABI,https://abi.bo/page/203/,https://abi.bo/page/203/,2026-04-06,Bolivia,es,REAL,ABI,https://abi.bo/page/203/,Publicación identificable en el sitio de la fuente; el título y la fecha corresponden al registro recuperado.,a8967afb8f6bfc9fcf3b1489852e65102d6a8e8ac6002ca260e52a8bbdd2a5ac,ABI-RX-0033,SG-RX-0033,v1.0,verified,active,resolved,intensifican la busqueda de un bebe tras caida de minibus a un rio en quime,Intensifican la búsqueda de un bebé tras caída de minibús a un río en Quime. Noticia publicada por ABI.,tecnologia,19,103,6,Intensifican;búsqueda;bebé;tras;caída;minibús;río;Quime
BO-RX-0034,Sedes alerta epidemia de chikungunya en Santa Cruz; hay más de mil casos y un neonato en terapia intensiva,Sedes alerta epidemia de chikungunya en Santa Cruz; hay más de mil casos y un neonato en terapia intensiva. Noticia publicada por ABI.,ABI,https://abi.bo/page/203/,https://abi.bo/page/203/,2026-02-04,Bolivia,es,REAL,ABI,https://abi.bo/page/203/,Publicación identificable en el sitio de la fuente; el título y la fecha corresponden al registro recuperado.,17b694a22212c2841febc5fb42d50d9edab9002618b0ded98a7dd2fad10bb83f,ABI-RX-0034,SG-RX-0034,v1.0,verified,active,resolved,sedes alerta epidemia de chikungunya en santa cruz hay mas de mil casos y un neonato en terapia intensiva,Sedes alerta epidemia de chikungunya en Santa Cruz; hay más de mil casos y un neonato en terapia intensiva. Noticia publicada por ABI.,tecnologia,23,134,7,Sedes;alerta;epidemia;chikungunya;Santa;Cruz;hay;más
BO-RX-0035,Exgerente de BoA es aprehendido y trasladado a La Paz por investigación sobre vuelos a La Habana,Exgerente de BoA es aprehendido y trasladado a La Paz por investigación sobre vuelos a La Habana. Noticia publicada por ABI.,ABI,https://abi.bo/page/204/,https://abi.bo/page/204/,2026-05-06,Bolivia,es,REAL,ABI,https://abi.bo/page/204/,Publicación identificable en el sitio de la fuente; el título y la fecha corresponden al registro recuperado.,f5af852d79c7a3ab981c6486a3591e1353fdbb6ac3468c6b5ef886f7c9de9d7e,ABI-RX-0035,SG-RX-0035,v1.0,verified,active,resolved,exgerente de boa es aprehendido y trasladado a la paz por investigacion sobre vuelos a la habana,Exgerente de BoA es aprehendido y trasladado a La Paz por investigación sobre vuelos a La Habana. Noticia publicada por ABI.,tecnologia,21,124,6,Exgerente;BoA;aprehendido;trasladado;Paz;investigación;vuelos;Habana
BO-RX-0036,"Tras diálogo, Gobierno y campesinos acuerdan gestionar la abrogación de la Ley 1720","Tras diálogo, Gobierno y campesinos acuerdan gestionar la abrogación de la Ley 1720. Noticia publicada por ABI.",ABI,https://abi.bo/page/204/,https://abi.bo/page/204/,2026-05-06,Bolivia,es,REAL,ABI,https://abi.bo/page/204/,Publicación identificable en el sitio de la fuente; el título y la fecha corresponden al registro recuperado.,93c7b4aae629056f2429b9b8b180fd28351c618474dab098d2c90ca8b5ed89bc,ABI-RX-0036,SG-RX-0036,v1.0,verified,active,resolved,tras dialogo gobierno y campesinos acuerdan gestionar la abrogacion de la ley 1720,"Tras diálogo, Gobierno y campesinos acuerdan gestionar la abrogación de la Ley 1720. Noticia publicada por ABI.",tecnologia,17,111,5,Tras;diálogo;Gobierno;campesinos;acuerdan;gestionar;abrogación;Ley
BO-RX-0037,Brasil y Bolivia fijan cinco ejes de acción contra el narcotráfico y el crimen organizado,Brasil y Bolivia fijan cinco ejes de acción contra el narcotráfico y el crimen organizado. Noticia publicada por ABI.,ABI,https://abi.bo/page/204/,https://abi.bo/page/204/,2026-05-06,Bolivia,es,REAL,ABI,https://abi.bo/page/204/,Publicación identificable en el sitio de la fuente; el título y la fecha corresponden al registro recuperado.,6b37bcca77df3b76bba51f5b3585fad892475b847187b56834e89cb6ba6d1e9a,ABI-RX-0037,SG-RX-0037,v1.0,verified,active,resolved,brasil y bolivia fijan cinco ejes de accion contra el narcotrafico y el crimen organizado,Brasil y Bolivia fijan cinco ejes de acción contra el narcotráfico y el crimen organizado. Noticia publicada por ABI.,tecnologia,19,117,6,Brasil;fijan;cinco;ejes;acción;contra;narcotráfico;crimen
BO-R-SYN-001,Gobierno anuncia ampliación de rutas de transporte interprovincial en La Paz,Registro sintético para entrenamiento basado en patrones de noticias bolivianas: Gobierno anuncia ampliación de rutas de transporte interprovincial en La Paz.,SYNTHETIC,https://synthetic.example/real/001,https://synthetic.example/real/001,2026-01-15,Bolivia,es,REAL,SYNTHETIC,https://synthetic.example/real/001,Registro sintético generado para entrenamiento; no corresponde a una noticia real.,d1a3661643335694b2ae6a7452bff7d8f23e581170162ca4695f6a03f3443087,SYN-REAL-001,SYN-REAL-001,v1.0,verified,active,resolved,gobierno anuncia ampliacion de rutas de transporte interprovincial en la paz,Registro sintético para entrenamiento basado en patrones de noticias bolivianas: Gobierno anuncia ampliación de rutas de transporte interprovincial en La Paz.,tecnologia,21,158,6,Gobierno;anuncia;ampliación;rutas;transporte;interprovincial;Paz;tecnologia
BO-R-SYN-002,Municipio de El Alto inicia campaña de vacunación en unidades educativas,Registro sintético para entrenamiento basado en patrones de noticias bolivianas: Municipio de El Alto inicia campaña de vacunación en unidades educativas.,SYNTHETIC,https://synthetic.example/real/002,https://synthetic.example/real/002,2026-01-15,Bolivia,es,REAL,SYNTHETIC,https://synthetic.example/real/002,Registro sintético generado para entrenamiento; no corresponde a una noticia real.,ce2c41ae0f5fa9b0f75626dcb5d383cd16212c614e1ebf8597862bf1a23d6087,SYN-REAL-001,SYN-REAL-001,v1.0,verified,active,resolved,municipio de el alto inicia campana de vacunacion en unidades educativas,Registro sintético para entrenamiento basado en patrones de noticias bolivianas: Municipio de El Alto inicia campaña de vacunación en unidades educativas.,salud,21,154,6,Municipio;Alto;inicia;campaña;vacunación;unidades;educativas;salud
BO-R-SYN-003,Productores de Cochabamba reportan mejora en la cosecha de papa,Registro sintético para entrenamiento basado en patrones de noticias bolivianas: Productores de Cochabamba reportan mejora en la cosecha de papa.,SYNTHETIC,https://synthetic.example/real/003,https://synthetic.example/real/003,2026-01-15,Bolivia,es,REAL,SYNTHETIC,https://synthetic.example/real/003,Registro sintético generado para entrenamiento; no corresponde a una noticia real.,dd591d33f3c784555619f2298c072188a1e63e51b246fafcd27efd4accd6f29d,SYN-REAL-001,SYN-REAL-001,v1.0,verified,active,resolved,productores de cochabamba reportan mejora en la cosecha de papa,Registro sintético para entrenamiento basado en patrones de noticias bolivianas: Productores de Cochabamba reportan mejora en la cosecha de papa.,tecnologia,20,145,6,Productores;Cochabamba;reportan;mejora;cosecha;papa;tecnologia;SYNTHETIC
BO-R-SYN-004,YPFB informa mantenimiento programado en planta de almacenamiento de combustibles,Registro sintético para entrenamiento basado en patrones de noticias bolivianas: YPFB informa mantenimiento programado en planta de almacenamiento de combustibles.,SYNTHETIC,https://synthetic.example/real/004,https://synthetic.example/real/004,2026-01-15,Bolivia,es,REAL,SYNTHETIC,https://synthetic.example/real/004,Registro sintético generado para entrenamiento; no corresponde a una noticia real.,54b7d6bdd2b7bb5ddce97e4c1a9f1e9a84b61e0e0f279f990f08e1add50b8983,SYN-REAL-001,SYN-REAL-001,v1.0,verified,active,resolved,ypfb informa mantenimiento programado en planta de almacenamiento de combustibles,Registro sintético para entrenamiento basado en patrones de noticias bolivianas: YPFB informa mantenimiento programado en planta de almacenamiento de combustibles.,tecnologia,20,163,6,YPFB;informa;mantenimiento;programado;planta;almacenamiento;combustibles;tecnologia
BO-R-SYN-005,Asamblea Legislativa aprueba ley de apoyo a pequeños productores agrícolas,Registro sintético para entrenamiento basado en patrones de noticias bolivianas: Asamblea Legislativa aprueba ley de apoyo a pequeños productores agrícolas.,SYNTHETIC,https://synthetic.example/real/005,https://synthetic.example/real/005,2026-01-15,Bolivia,es,REAL,SYNTHETIC,https://synthetic.example/real/005,Registro sintético generado para entrenamiento; no corresponde a una noticia real.,7e3cc9663f11ad7c3b8f6e66bc0fd3b2657120c8c0d0f323ccdd3b288f63d7d9,SYN-REAL-001,SYN-REAL-001,v1.0,verified,active,resolved,asamblea legislativa aprueba ley de apoyo a pequenos productores agricolas,Registro sintético para entrenamiento basado en patrones de noticias bolivianas: Asamblea Legislativa aprueba ley de apoyo a pequeños productores agrícolas.,tecnologia,20,156,6,Asamblea;Legislativa;aprueba;ley;apoyo;pequeños;productores;agrícolas
BO-R-SYN-006,Gobierno anuncia ampliación de rutas de transporte interprovincial en La Paz,Registro sintético para entrenamiento basado en patrones de noticias bolivianas: Gobierno anuncia ampliación de rutas de transporte interprovincial en La Paz.,SYNTHETIC,https://synthetic.example/real/006,https://synthetic.example/real/006,2026-01-15,Bolivia,es,REAL,SYNTHETIC,https://synthetic.example/real/006,Registro sintético generado para entrenamiento; no corresponde a una noticia real.,d1a3661643335694b2ae6a7452bff7d8f23e581170162ca4695f6a03f3443087,SYN-REAL-002,SYN-REAL-002,v1.0,verified,active,resolved,gobierno anuncia ampliacion de rutas de transporte interprovincial en la paz,Registro sintético para entrenamiento basado en patrones de noticias bolivianas: Gobierno anuncia ampliación de rutas de transporte interprovincial en La Paz.,tecnologia,21,158,6,Gobierno;anuncia;ampliación;rutas;transporte;interprovincial;Paz;tecnologia
BO-R-SYN-007,Municipio de El Alto inicia campaña de vacunación en unidades educativas,Registro sintético para entrenamiento basado en patrones de noticias bolivianas: Municipio de El Alto inicia campaña de vacunación en unidades educativas.,SYNTHETIC,https://synthetic.example/real/007,https://synthetic.example/real/007,2026-01-15,Bolivia,es,REAL,SYNTHETIC,https://synthetic.example/real/007,Registro sintético generado para entrenamiento; no corresponde a una noticia real.,ce2c41ae0f5fa9b0f75626dcb5d383cd16212c614e1ebf8597862bf1a23d6087,SYN-REAL-002,SYN-REAL-002,v1.0,verified,active,resolved,municipio de el alto inicia campana de vacunacion en unidades educativas,Registro sintético para entrenamiento basado en patrones de noticias bolivianas: Municipio de El Alto inicia campaña de vacunación en unidades educativas.,salud,21,154,6,Municipio;Alto;inicia;campaña;vacunación;unidades;educativas;salud
BO-R-SYN-008,Productores de Cochabamba reportan mejora en la cosecha de papa,Registro sintético para entrenamiento basado en patrones de noticias bolivianas: Productores de Cochabamba reportan mejora en la cosecha de papa.,SYNTHETIC,https://synthetic.example/real/008,https://synthetic.example/real/008,2026-01-15,Bolivia,es,REAL,SYNTHETIC,https://synthetic.example/real/008,Registro sintético generado para entrenamiento; no corresponde a una noticia real.,dd591d33f3c784555619f2298c072188a1e63e51b246fafcd27efd4accd6f29d,SYN-REAL-002,SYN-REAL-002,v1.0,verified,active,resolved,productores de cochabamba reportan mejora en la cosecha de papa,Registro sintético para entrenamiento basado en patrones de noticias bolivianas: Productores de Cochabamba reportan mejora en la cosecha de papa.,tecnologia,20,145,6,Productores;Cochabamba;reportan;mejora;cosecha;papa;tecnologia;SYNTHETIC
BO-R-SYN-009,YPFB informa mantenimiento programado en planta de almacenamiento de combustibles,Registro sintético para entrenamiento basado en patrones de noticias bolivianas: YPFB informa mantenimiento programado en planta de almacenamiento de combustibles.,SYNTHETIC,https://synthetic.example/real/009,https://synthetic.example/real/009,2026-01-15,Bolivia,es,REAL,SYNTHETIC,https://synthetic.example/real/009,Registro sintético generado para entrenamiento; no corresponde a una noticia real.,54b7d6bdd2b7bb5ddce97e4c1a9f1e9a84b61e0e0f279f990f08e1add50b8983,SYN-REAL-002,SYN-REAL-002,v1.0,verified,active,resolved,ypfb informa mantenimiento programado en planta de almacenamiento de combustibles,Registro sintético para entrenamiento basado en patrones de noticias bolivianas: YPFB informa mantenimiento programado en planta de almacenamiento de combustibles.,tecnologia,20,163,6,YPFB;informa;mantenimiento;programado;planta;almacenamiento;combustibles;tecnologia
BO-R-SYN-010,Asamblea Legislativa aprueba ley de apoyo a pequeños productores agrícolas,Registro sintético para entrenamiento basado en patrones de noticias bolivianas: Asamblea Legislativa aprueba ley de apoyo a pequeños productores agrícolas.,SYNTHETIC,https://synthetic.example/real/010,https://synthetic.example/real/010,2026-01-15,Bolivia,es,REAL,SYNTHETIC,https://synthetic.example/real/010,Registro sintético generado para entrenamiento; no corresponde a una noticia real.,7e3cc9663f11ad7c3b8f6e66bc0fd3b2657120c8c0d0f323ccdd3b288f63d7d9,SYN-REAL-002,SYN-REAL-002,v1.0,verified,active,resolved,asamblea legislativa aprueba ley de apoyo a pequenos productores agricolas,Registro sintético para entrenamiento basado en patrones de noticias bolivianas: Asamblea Legislativa aprueba ley de apoyo a pequeños productores agrícolas.,tecnologia,20,156,6,Asamblea;Legislativa;aprueba;ley;apoyo;pequeños;productores;agrícolas
BO-R-SYN-011,Gobierno anuncia ampliación de rutas de transporte interprovincial en La Paz,Registro sintético para entrenamiento basado en patrones de noticias bolivianas: Gobierno anuncia ampliación de rutas de transporte interprovincial en La Paz.,SYNTHETIC,https://synthetic.example/real/011,https://synthetic.example/real/011,2026-01-15,Bolivia,es,REAL,SYNTHETIC,https://synthetic.example/real/011,Registro sintético generado para entrenamiento; no corresponde a una noticia real.,d1a3661643335694b2ae6a7452bff7d8f23e581170162ca4695f6a03f3443087,SYN-REAL-003,SYN-REAL-003,v1.0,verified,active,resolved,gobierno anuncia ampliacion de rutas de transporte interprovincial en la paz,Registro sintético para entrenamiento basado en patrones de noticias bolivianas: Gobierno anuncia ampliación de rutas de transporte interprovincial en La Paz.,tecnologia,21,158,6,Gobierno;anuncia;ampliación;rutas;transporte;interprovincial;Paz;tecnologia
BO-R-SYN-012,Municipio de El Alto inicia campaña de vacunación en unidades educativas,Registro sintético para entrenamiento basado en patrones de noticias bolivianas: Municipio de El Alto inicia campaña de vacunación en unidades educativas.,SYNTHETIC,https://synthetic.example/real/012,https://synthetic.example/real/012,2026-01-15,Bolivia,es,REAL,SYNTHETIC,https://synthetic.example/real/012,Registro sintético generado para entrenamiento; no corresponde a una noticia real.,ce2c41ae0f5fa9b0f75626dcb5d383cd16212c614e1ebf8597862bf1a23d6087,SYN-REAL-003,SYN-REAL-003,v1.0,verified,active,resolved,municipio de el alto inicia campana de vacunacion en unidades educativas,Registro sintético para entrenamiento basado en patrones de noticias bolivianas: Municipio de El Alto inicia campaña de vacunación en unidades educativas.,salud,21,154,6,Municipio;Alto;inicia;campaña;vacunación;unidades;educativas;salud
BO-R-SYN-013,Productores de Cochabamba reportan mejora en la cosecha de papa,Registro sintético para entrenamiento basado en patrones de noticias bolivianas: Productores de Cochabamba reportan mejora en la cosecha de papa.,SYNTHETIC,https://synthetic.example/real/013,https://synthetic.example/real/013,2026-01-15,Bolivia,es,REAL,SYNTHETIC,https://synthetic.example/real/013,Registro sintético generado para entrenamiento; no corresponde a una noticia real.,dd591d33f3c784555619f2298c072188a1e63e51b246fafcd27efd4accd6f29d,SYN-REAL-003,SYN-REAL-003,v1.0,verified,active,resolved,productores de cochabamba reportan mejora en la cosecha de papa,Registro sintético para entrenamiento basado en patrones de noticias bolivianas: Productores de Cochabamba reportan mejora en la cosecha de papa.,tecnologia,20,145,6,Productores;Cochabamba;reportan;mejora;cosecha;papa;tecnologia;SYNTHETIC
BO-R-SYN-014,YPFB informa mantenimiento programado en planta de almacenamiento de combustibles,Registro sintético para entrenamiento basado en patrones de noticias bolivianas: YPFB informa mantenimiento programado en planta de almacenamiento de combustibles.,SYNTHETIC,https://synthetic.example/real/014,https://synthetic.example/real/014,2026-01-15,Bolivia,es,REAL,SYNTHETIC,https://synthetic.example/real/014,Registro sintético generado para entrenamiento; no corresponde a una noticia real.,54b7d6bdd2b7bb5ddce97e4c1a9f1e9a84b61e0e0f279f990f08e1add50b8983,SYN-REAL-003,SYN-REAL-003,v1.0,verified,active,resolved,ypfb informa mantenimiento programado en planta de almacenamiento de combustibles,Registro sintético para entrenamiento basado en patrones de noticias bolivianas: YPFB informa mantenimiento programado en planta de almacenamiento de combustibles.,tecnologia,20,163,6,YPFB;informa;mantenimiento;programado;planta;almacenamiento;combustibles;tecnologia
BO-R-SYN-015,Asamblea Legislativa aprueba ley de apoyo a pequeños productores agrícolas,Registro sintético para entrenamiento basado en patrones de noticias bolivianas: Asamblea Legislativa aprueba ley de apoyo a pequeños productores agrícolas.,SYNTHETIC,https://synthetic.example/real/015,https://synthetic.example/real/015,2026-01-15,Bolivia,es,REAL,SYNTHETIC,https://synthetic.example/real/015,Registro sintético generado para entrenamiento; no corresponde a una noticia real.,7e3cc9663f11ad7c3b8f6e66bc0fd3b2657120c8c0d0f323ccdd3b288f63d7d9,SYN-REAL-003,SYN-REAL-003,v1.0,verified,active,resolved,asamblea legislativa aprueba ley de apoyo a pequenos productores agricolas,Registro sintético para entrenamiento basado en patrones de noticias bolivianas: Asamblea Legislativa aprueba ley de apoyo a pequeños productores agrícolas.,tecnologia,20,156,6,Asamblea;Legislativa;aprueba;ley;apoyo;pequeños;productores;agrícolas
BO-R-SYN-016,Gobierno anuncia ampliación de rutas de transporte interprovincial en La Paz,Registro sintético para entrenamiento basado en patrones de noticias bolivianas: Gobierno anuncia ampliación de rutas de transporte interprovincial en La Paz.,SYNTHETIC,https://synthetic.example/real/016,https://synthetic.example/real/016,2026-01-15,Bolivia,es,REAL,SYNTHETIC,https://synthetic.example/real/016,Registro sintético generado para entrenamiento; no corresponde a una noticia real.,d1a3661643335694b2ae6a7452bff7d8f23e581170162ca4695f6a03f3443087,SYN-REAL-004,SYN-REAL-004,v1.0,verified,active,resolved,gobierno anuncia ampliacion de rutas de transporte interprovincial en la paz,Registro sintético para entrenamiento basado en patrones de noticias bolivianas: Gobierno anuncia ampliación de rutas de transporte interprovincial en La Paz.,tecnologia,21,158,6,Gobierno;anuncia;ampliación;rutas;transporte;interprovincial;Paz;tecnologia
BO-R-SYN-017,Municipio de El Alto inicia campaña de vacunación en unidades educativas,Registro sintético para entrenamiento basado en patrones de noticias bolivianas: Municipio de El Alto inicia campaña de vacunación en unidades educativas.,SYNTHETIC,https://synthetic.example/real/017,https://synthetic.example/real/017,2026-01-15,Bolivia,es,REAL,SYNTHETIC,https://synthetic.example/real/017,Registro sintético generado para entrenamiento; no corresponde a una noticia real.,ce2c41ae0f5fa9b0f75626dcb5d383cd16212c614e1ebf8597862bf1a23d6087,SYN-REAL-004,SYN-REAL-004,v1.0,verified,active,resolved,municipio de el alto inicia campana de vacunacion en unidades educativas,Registro sintético para entrenamiento basado en patrones de noticias bolivianas: Municipio de El Alto inicia campaña de vacunación en unidades educativas.,salud,21,154,6,Municipio;Alto;inicia;campaña;vacunación;unidades;educativas;salud
BO-R-SYN-018,Productores de Cochabamba reportan mejora en la cosecha de papa,Registro sintético para entrenamiento basado en patrones de noticias bolivianas: Productores de Cochabamba reportan mejora en la cosecha de papa.,SYNTHETIC,https://synthetic.example/real/018,https://synthetic.example/real/018,2026-01-15,Bolivia,es,REAL,SYNTHETIC,https://synthetic.example/real/018,Registro sintético generado para entrenamiento; no corresponde a una noticia real.,dd591d33f3c784555619f2298c072188a1e63e51b246fafcd27efd4accd6f29d,SYN-REAL-004,SYN-REAL-004,v1.0,verified,active,resolved,productores de cochabamba reportan mejora en la cosecha de papa,Registro sintético para entrenamiento basado en patrones de noticias bolivianas: Productores de Cochabamba reportan mejora en la cosecha de papa.,tecnologia,20,145,6,Productores;Cochabamba;reportan;mejora;cosecha;papa;tecnologia;SYNTHETIC
BO-R-SYN-019,YPFB informa mantenimiento programado en planta de almacenamiento de combustibles,Registro sintético para entrenamiento basado en patrones de noticias bolivianas: YPFB informa mantenimiento programado en planta de almacenamiento de combustibles.,SYNTHETIC,https://synthetic.example/real/019,https://synthetic.example/real/019,2026-01-15,Bolivia,es,REAL,SYNTHETIC,https://synthetic.example/real/019,Registro sintético generado para entrenamiento; no corresponde a una noticia real.,54b7d6bdd2b7bb5ddce97e4c1a9f1e9a84b61e0e0f279f990f08e1add50b8983,SYN-REAL-004,SYN-REAL-004,v1.0,verified,active,resolved,ypfb informa mantenimiento programado en planta de almacenamiento de combustibles,Registro sintético para entrenamiento basado en patrones de noticias bolivianas: YPFB informa mantenimiento programado en planta de almacenamiento de combustibles.,tecnologia,20,163,6,YPFB;informa;mantenimiento;programado;planta;almacenamiento;combustibles;tecnologia
BO-R-SYN-020,Asamblea Legislativa aprueba ley de apoyo a pequeños productores agrícolas,Registro sintético para entrenamiento basado en patrones de noticias bolivianas: Asamblea Legislativa aprueba ley de apoyo a pequeños productores agrícolas.,SYNTHETIC,https://synthetic.example/real/020,https://synthetic.example/real/020,2026-01-15,Bolivia,es,REAL,SYNTHETIC,https://synthetic.example/real/020,Registro sintético generado para entrenamiento; no corresponde a una noticia real.,7e3cc9663f11ad7c3b8f6e66bc0fd3b2657120c8c0d0f323ccdd3b288f63d7d9,SYN-REAL-004,SYN-REAL-004,v1.0,verified,active,resolved,asamblea legislativa aprueba ley de apoyo a pequenos productores agricolas,Registro sintético para entrenamiento basado en patrones de noticias bolivianas: Asamblea Legislativa aprueba ley de apoyo a pequeños productores agrícolas.,tecnologia,20,156,6,Asamblea;Legislativa;aprueba;ley;apoyo;pequeños;productores;agrícolas
BO-R-SYN-021,Gobierno anuncia ampliación de rutas de transporte interprovincial en La Paz,Registro sintético para entrenamiento basado en patrones de noticias bolivianas: Gobierno anuncia ampliación de rutas de transporte interprovincial en La Paz.,SYNTHETIC,https://synthetic.example/real/021,https://synthetic.example/real/021,2026-01-15,Bolivia,es,REAL,SYNTHETIC,https://synthetic.example/real/021,Registro sintético generado para entrenamiento; no corresponde a una noticia real.,d1a3661643335694b2ae6a7452bff7d8f23e581170162ca4695f6a03f3443087,SYN-REAL-005,SYN-REAL-005,v1.0,verified,active,resolved,gobierno anuncia ampliacion de rutas de transporte interprovincial en la paz,Registro sintético para entrenamiento basado en patrones de noticias bolivianas: Gobierno anuncia ampliación de rutas de transporte interprovincial en La Paz.,tecnologia,21,158,6,Gobierno;anuncia;ampliación;rutas;transporte;interprovincial;Paz;tecnologia
BO-R-SYN-022,Municipio de El Alto inicia campaña de vacunación en unidades educativas,Registro sintético para entrenamiento basado en patrones de noticias bolivianas: Municipio de El Alto inicia campaña de vacunación en unidades educativas.,SYNTHETIC,https://synthetic.example/real/022,https://synthetic.example/real/022,2026-01-15,Bolivia,es,REAL,SYNTHETIC,https://synthetic.example/real/022,Registro sintético generado para entrenamiento; no corresponde a una noticia real.,ce2c41ae0f5fa9b0f75626dcb5d383cd16212c614e1ebf8597862bf1a23d6087,SYN-REAL-005,SYN-REAL-005,v1.0,verified,active,resolved,municipio de el alto inicia campana de vacunacion en unidades educativas,Registro sintético para entrenamiento basado en patrones de noticias bolivianas: Municipio de El Alto inicia campaña de vacunación en unidades educativas.,salud,21,154,6,Municipio;Alto;inicia;campaña;vacunación;unidades;educativas;salud
BO-R-SYN-023,Productores de Cochabamba reportan mejora en la cosecha de papa,Registro sintético para entrenamiento basado en patrones de noticias bolivianas: Productores de Cochabamba reportan mejora en la cosecha de papa.,SYNTHETIC,https://synthetic.example/real/023,https://synthetic.example/real/023,2026-01-15,Bolivia,es,REAL,SYNTHETIC,https://synthetic.example/real/023,Registro sintético generado para entrenamiento; no corresponde a una noticia real.,dd591d33f3c784555619f2298c072188a1e63e51b246fafcd27efd4accd6f29d,SYN-REAL-005,SYN-REAL-005,v1.0,verified,active,resolved,productores de cochabamba reportan mejora en la cosecha de papa,Registro sintético para entrenamiento basado en patrones de noticias bolivianas: Productores de Cochabamba reportan mejora en la cosecha de papa.,tecnologia,20,145,6,Productores;Cochabamba;reportan;mejora;cosecha;papa;tecnologia;SYNTHETIC
BO-R-SYN-024,YPFB informa mantenimiento programado en planta de almacenamiento de combustibles,Registro sintético para entrenamiento basado en patrones de noticias bolivianas: YPFB informa mantenimiento programado en planta de almacenamiento de combustibles.,SYNTHETIC,https://synthetic.example/real/024,https://synthetic.example/real/024,2026-01-15,Bolivia,es,REAL,SYNTHETIC,https://synthetic.example/real/024,Registro sintético generado para entrenamiento; no corresponde a una noticia real.,54b7d6bdd2b7bb5ddce97e4c1a9f1e9a84b61e0e0f279f990f08e1add50b8983,SYN-REAL-005,SYN-REAL-005,v1.0,verified,active,resolved,ypfb informa mantenimiento programado en planta de almacenamiento de combustibles,Registro sintético para entrenamiento basado en patrones de noticias bolivianas: YPFB informa mantenimiento programado en planta de almacenamiento de combustibles.,tecnologia,20,163,6,YPFB;informa;mantenimiento;programado;planta;almacenamiento;combustibles;tecnologia
BO-R-SYN-025,Asamblea Legislativa aprueba ley de apoyo a pequeños productores agrícolas,Registro sintético para entrenamiento basado en patrones de noticias bolivianas: Asamblea Legislativa aprueba ley de apoyo a pequeños productores agrícolas.,SYNTHETIC,https://synthetic.example/real/025,https://synthetic.example/real/025,2026-01-15,Bolivia,es,REAL,SYNTHETIC,https://synthetic.example/real/025,Registro sintético generado para entrenamiento; no corresponde a una noticia real.,7e3cc9663f11ad7c3b8f6e66bc0fd3b2657120c8c0d0f323ccdd3b288f63d7d9,SYN-REAL-005,SYN-REAL-005,v1.0,verified,active,resolved,asamblea legislativa aprueba ley de apoyo a pequenos productores agricolas,Registro sintético para entrenamiento basado en patrones de noticias bolivianas: Asamblea Legislativa aprueba ley de apoyo a pequeños productores agrícolas.,tecnologia,20,156,6,Asamblea;Legislativa;aprueba;ley;apoyo;pequeños;productores;agrícolas
BO-R-SYN-026,Gobierno anuncia ampliación de rutas de transporte interprovincial en La Paz,Registro sintético para entrenamiento basado en patrones de noticias bolivianas: Gobierno anuncia ampliación de rutas de transporte interprovincial en La Paz.,SYNTHETIC,https://synthetic.example/real/026,https://synthetic.example/real/026,2026-01-15,Bolivia,es,REAL,SYNTHETIC,https://synthetic.example/real/026,Registro sintético generado para entrenamiento; no corresponde a una noticia real.,d1a3661643335694b2ae6a7452bff7d8f23e581170162ca4695f6a03f3443087,SYN-REAL-006,SYN-REAL-006,v1.0,verified,active,resolved,gobierno anuncia ampliacion de rutas de transporte interprovincial en la paz,Registro sintético para entrenamiento basado en patrones de noticias bolivianas: Gobierno anuncia ampliación de rutas de transporte interprovincial en La Paz.,tecnologia,21,158,6,Gobierno;anuncia;ampliación;rutas;transporte;interprovincial;Paz;tecnologia
BO-R-SYN-027,Municipio de El Alto inicia campaña de vacunación en unidades educativas,Registro sintético para entrenamiento basado en patrones de noticias bolivianas: Municipio de El Alto inicia campaña de vacunación en unidades educativas.,SYNTHETIC,https://synthetic.example/real/027,https://synthetic.example/real/027,2026-01-15,Bolivia,es,REAL,SYNTHETIC,https://synthetic.example/real/027,Registro sintético generado para entrenamiento; no corresponde a una noticia real.,ce2c41ae0f5fa9b0f75626dcb5d383cd16212c614e1ebf8597862bf1a23d6087,SYN-REAL-006,SYN-REAL-006,v1.0,verified,active,resolved,municipio de el alto inicia campana de vacunacion en unidades educativas,Registro sintético para entrenamiento basado en patrones de noticias bolivianas: Municipio de El Alto inicia campaña de vacunación en unidades educativas.,salud,21,154,6,Municipio;Alto;inicia;campaña;vacunación;unidades;educativas;salud
BO-R-SYN-028,Productores de Cochabamba reportan mejora en la cosecha de papa,Registro sintético para entrenamiento basado en patrones de noticias bolivianas: Productores de Cochabamba reportan mejora en la cosecha de papa.,SYNTHETIC,https://synthetic.example/real/028,https://synthetic.example/real/028,2026-01-15,Bolivia,es,REAL,SYNTHETIC,https://synthetic.example/real/028,Registro sintético generado para entrenamiento; no corresponde a una noticia real.,dd591d33f3c784555619f2298c072188a1e63e51b246fafcd27efd4accd6f29d,SYN-REAL-006,SYN-REAL-006,v1.0,verified,active,resolved,productores de cochabamba reportan mejora en la cosecha de papa,Registro sintético para entrenamiento basado en patrones de noticias bolivianas: Productores de Cochabamba reportan mejora en la cosecha de papa.,tecnologia,20,145,6,Productores;Cochabamba;reportan;mejora;cosecha;papa;tecnologia;SYNTHETIC
BO-R-SYN-029,YPFB informa mantenimiento programado en planta de almacenamiento de combustibles,Registro sintético para entrenamiento basado en patrones de noticias bolivianas: YPFB informa mantenimiento programado en planta de almacenamiento de combustibles.,SYNTHETIC,https://synthetic.example/real/029,https://synthetic.example/real/029,2026-01-15,Bolivia,es,REAL,SYNTHETIC,https://synthetic.example/real/029,Registro sintético generado para entrenamiento; no corresponde a una noticia real.,54b7d6bdd2b7bb5ddce97e4c1a9f1e9a84b61e0e0f279f990f08e1add50b8983,SYN-REAL-006,SYN-REAL-006,v1.0,verified,active,resolved,ypfb informa mantenimiento programado en planta de almacenamiento de combustibles,Registro sintético para entrenamiento basado en patrones de noticias bolivianas: YPFB informa mantenimiento programado en planta de almacenamiento de combustibles.,tecnologia,20,163,6,YPFB;informa;mantenimiento;programado;planta;almacenamiento;combustibles;tecnologia
BO-R-SYN-030,Asamblea Legislativa aprueba ley de apoyo a pequeños productores agrícolas,Registro sintético para entrenamiento basado en patrones de noticias bolivianas: Asamblea Legislativa aprueba ley de apoyo a pequeños productores agrícolas.,SYNTHETIC,https://synthetic.example/real/030,https://synthetic.example/real/030,2026-01-15,Bolivia,es,REAL,SYNTHETIC,https://synthetic.example/real/030,Registro sintético generado para entrenamiento; no corresponde a una noticia real.,7e3cc9663f11ad7c3b8f6e66bc0fd3b2657120c8c0d0f323ccdd3b288f63d7d9,SYN-REAL-006,SYN-REAL-006,v1.0,verified,active,resolved,asamblea legislativa aprueba ley de apoyo a pequenos productores agricolas,Registro sintético para entrenamiento basado en patrones de noticias bolivianas: Asamblea Legislativa aprueba ley de apoyo a pequeños productores agrícolas.,tecnologia,20,156,6,Asamblea;Legislativa;aprueba;ley;apoyo;pequeños;productores;agrícolas
BO-R-SYN-031,Gobierno anuncia ampliación de rutas de transporte interprovincial en La Paz,Registro sintético para entrenamiento basado en patrones de noticias bolivianas: Gobierno anuncia ampliación de rutas de transporte interprovincial en La Paz.,SYNTHETIC,https://synthetic.example/real/031,https://synthetic.example/real/031,2026-01-15,Bolivia,es,REAL,SYNTHETIC,https://synthetic.example/real/031,Registro sintético generado para entrenamiento; no corresponde a una noticia real.,d1a3661643335694b2ae6a7452bff7d8f23e581170162ca4695f6a03f3443087,SYN-REAL-007,SYN-REAL-007,v1.0,verified,active,resolved,gobierno anuncia ampliacion de rutas de transporte interprovincial en la paz,Registro sintético para entrenamiento basado en patrones de noticias bolivianas: Gobierno anuncia ampliación de rutas de transporte interprovincial en La Paz.,tecnologia,21,158,6,Gobierno;anuncia;ampliación;rutas;transporte;interprovincial;Paz;tecnologia
BO-R-SYN-032,Municipio de El Alto inicia campaña de vacunación en unidades educativas,Registro sintético para entrenamiento basado en patrones de noticias bolivianas: Municipio de El Alto inicia campaña de vacunación en unidades educativas.,SYNTHETIC,https://synthetic.example/real/032,https://synthetic.example/real/032,2026-01-15,Bolivia,es,REAL,SYNTHETIC,https://synthetic.example/real/032,Registro sintético generado para entrenamiento; no corresponde a una noticia real.,ce2c41ae0f5fa9b0f75626dcb5d383cd16212c614e1ebf8597862bf1a23d6087,SYN-REAL-007,SYN-REAL-007,v1.0,verified,active,resolved,municipio de el alto inicia campana de vacunacion en unidades educativas,Registro sintético para entrenamiento basado en patrones de noticias bolivianas: Municipio de El Alto inicia campaña de vacunación en unidades educativas.,salud,21,154,6,Municipio;Alto;inicia;campaña;vacunación;unidades;educativas;salud
BO-R-SYN-033,Productores de Cochabamba reportan mejora en la cosecha de papa,Registro sintético para entrenamiento basado en patrones de noticias bolivianas: Productores de Cochabamba reportan mejora en la cosecha de papa.,SYNTHETIC,https://synthetic.example/real/033,https://synthetic.example/real/033,2026-01-15,Bolivia,es,REAL,SYNTHETIC,https://synthetic.example/real/033,Registro sintético generado para entrenamiento; no corresponde a una noticia real.,dd591d33f3c784555619f2298c072188a1e63e51b246fafcd27efd4accd6f29d,SYN-REAL-007,SYN-REAL-007,v1.0,verified,active,resolved,productores de cochabamba reportan mejora en la cosecha de papa,Registro sintético para entrenamiento basado en patrones de noticias bolivianas: Productores de Cochabamba reportan mejora en la cosecha de papa.,tecnologia,20,145,6,Productores;Cochabamba;reportan;mejora;cosecha;papa;tecnologia;SYNTHETIC
BO-R-SYN-034,YPFB informa mantenimiento programado en planta de almacenamiento de combustibles,Registro sintético para entrenamiento basado en patrones de noticias bolivianas: YPFB informa mantenimiento programado en planta de almacenamiento de combustibles.,SYNTHETIC,https://synthetic.example/real/034,https://synthetic.example/real/034,2026-01-15,Bolivia,es,REAL,SYNTHETIC,https://synthetic.example/real/034,Registro sintético generado para entrenamiento; no corresponde a una noticia real.,54b7d6bdd2b7bb5ddce97e4c1a9f1e9a84b61e0e0f279f990f08e1add50b8983,SYN-REAL-007,SYN-REAL-007,v1.0,verified,active,resolved,ypfb informa mantenimiento programado en planta de almacenamiento de combustibles,Registro sintético para entrenamiento basado en patrones de noticias bolivianas: YPFB informa mantenimiento programado en planta de almacenamiento de combustibles.,tecnologia,20,163,6,YPFB;informa;mantenimiento;programado;planta;almacenamiento;combustibles;tecnologia
BO-R-SYN-035,Asamblea Legislativa aprueba ley de apoyo a pequeños productores agrícolas,Registro sintético para entrenamiento basado en patrones de noticias bolivianas: Asamblea Legislativa aprueba ley de apoyo a pequeños productores agrícolas.,SYNTHETIC,https://synthetic.example/real/035,https://synthetic.example/real/035,2026-01-15,Bolivia,es,REAL,SYNTHETIC,https://synthetic.example/real/035,Registro sintético generado para entrenamiento; no corresponde a una noticia real.,7e3cc9663f11ad7c3b8f6e66bc0fd3b2657120c8c0d0f323ccdd3b288f63d7d9,SYN-REAL-007,SYN-REAL-007,v1.0,verified,active,resolved,asamblea legislativa aprueba ley de apoyo a pequenos productores agricolas,Registro sintético para entrenamiento basado en patrones de noticias bolivianas: Asamblea Legislativa aprueba ley de apoyo a pequeños productores agrícolas.,tecnologia,20,156,6,Asamblea;Legislativa;aprueba;ley;apoyo;pequeños;productores;agrícolas
BO-R-SYN-036,Gobierno anuncia ampliación de rutas de transporte interprovincial en La Paz,Registro sintético para entrenamiento basado en patrones de noticias bolivianas: Gobierno anuncia ampliación de rutas de transporte interprovincial en La Paz.,SYNTHETIC,https://synthetic.example/real/036,https://synthetic.example/real/036,2026-01-15,Bolivia,es,REAL,SYNTHETIC,https://synthetic.example/real/036,Registro sintético generado para entrenamiento; no corresponde a una noticia real.,d1a3661643335694b2ae6a7452bff7d8f23e581170162ca4695f6a03f3443087,SYN-REAL-008,SYN-REAL-008,v1.0,verified,active,resolved,gobierno anuncia ampliacion de rutas de transporte interprovincial en la paz,Registro sintético para entrenamiento basado en patrones de noticias bolivianas: Gobierno anuncia ampliación de rutas de transporte interprovincial en La Paz.,tecnologia,21,158,6,Gobierno;anuncia;ampliación;rutas;transporte;interprovincial;Paz;tecnologia
BO-R-SYN-037,Municipio de El Alto inicia campaña de vacunación en unidades educativas,Registro sintético para entrenamiento basado en patrones de noticias bolivianas: Municipio de El Alto inicia campaña de vacunación en unidades educativas.,SYNTHETIC,https://synthetic.example/real/037,https://synthetic.example/real/037,2026-01-15,Bolivia,es,REAL,SYNTHETIC,https://synthetic.example/real/037,Registro sintético generado para entrenamiento; no corresponde a una noticia real.,ce2c41ae0f5fa9b0f75626dcb5d383cd16212c614e1ebf8597862bf1a23d6087,SYN-REAL-008,SYN-REAL-008,v1.0,verified,active,resolved,municipio de el alto inicia campana de vacunacion en unidades educativas,Registro sintético para entrenamiento basado en patrones de noticias bolivianas: Municipio de El Alto inicia campaña de vacunación en unidades educativas.,salud,21,154,6,Municipio;Alto;inicia;campaña;vacunación;unidades;educativas;salud
BO-R-SYN-038,Productores de Cochabamba reportan mejora en la cosecha de papa,Registro sintético para entrenamiento basado en patrones de noticias bolivianas: Productores de Cochabamba reportan mejora en la cosecha de papa.,SYNTHETIC,https://synthetic.example/real/038,https://synthetic.example/real/038,2026-01-15,Bolivia,es,REAL,SYNTHETIC,https://synthetic.example/real/038,Registro sintético generado para entrenamiento; no corresponde a una noticia real.,dd591d33f3c784555619f2298c072188a1e63e51b246fafcd27efd4accd6f29d,SYN-REAL-008,SYN-REAL-008,v1.0,verified,active,resolved,productores de cochabamba reportan mejora en la cosecha de papa,Registro sintético para entrenamiento basado en patrones de noticias bolivianas: Productores de Cochabamba reportan mejora en la cosecha de papa.,tecnologia,20,145,6,Productores;Cochabamba;reportan;mejora;cosecha;papa;tecnologia;SYNTHETIC
BO-R-SYN-039,YPFB informa mantenimiento programado en planta de almacenamiento de combustibles,Registro sintético para entrenamiento basado en patrones de noticias bolivianas: YPFB informa mantenimiento programado en planta de almacenamiento de combustibles.,SYNTHETIC,https://synthetic.example/real/039,https://synthetic.example/real/039,2026-01-15,Bolivia,es,REAL,SYNTHETIC,https://synthetic.example/real/039,Registro sintético generado para entrenamiento; no corresponde a una noticia real.,54b7d6bdd2b7bb5ddce97e4c1a9f1e9a84b61e0e0f279f990f08e1add50b8983,SYN-REAL-008,SYN-REAL-008,v1.0,verified,active,resolved,ypfb informa mantenimiento programado en planta de almacenamiento de combustibles,Registro sintético para entrenamiento basado en patrones de noticias bolivianas: YPFB informa mantenimiento programado en planta de almacenamiento de combustibles.,tecnologia,20,163,6,YPFB;informa;mantenimiento;programado;planta;almacenamiento;combustibles;tecnologia
BO-R-SYN-040,Asamblea Legislativa aprueba ley de apoyo a pequeños productores agrícolas,Registro sintético para entrenamiento basado en patrones de noticias bolivianas: Asamblea Legislativa aprueba ley de apoyo a pequeños productores agrícolas.,SYNTHETIC,https://synthetic.example/real/040,https://synthetic.example/real/040,2026-01-15,Bolivia,es,REAL,SYNTHETIC,https://synthetic.example/real/040,Registro sintético generado para entrenamiento; no corresponde a una noticia real.,7e3cc9663f11ad7c3b8f6e66bc0fd3b2657120c8c0d0f323ccdd3b288f63d7d9,SYN-REAL-008,SYN-REAL-008,v1.0,verified,active,resolved,asamblea legislativa aprueba ley de apoyo a pequenos productores agricolas,Registro sintético para entrenamiento basado en patrones de noticias bolivianas: Asamblea Legislativa aprueba ley de apoyo a pequeños productores agrícolas.,tecnologia,20,156,6,Asamblea;Legislativa;aprueba;ley;apoyo;pequeños;productores;agrícolas
BO-R-SYN-041,Gobierno anuncia ampliación de rutas de transporte interprovincial en La Paz,Registro sintético para entrenamiento basado en patrones de noticias bolivianas: Gobierno anuncia ampliación de rutas de transporte interprovincial en La Paz.,SYNTHETIC,https://synthetic.example/real/041,https://synthetic.example/real/041,2026-01-15,Bolivia,es,REAL,SYNTHETIC,https://synthetic.example/real/041,Registro sintético generado para entrenamiento; no corresponde a una noticia real.,d1a3661643335694b2ae6a7452bff7d8f23e581170162ca4695f6a03f3443087,SYN-REAL-009,SYN-REAL-009,v1.0,verified,active,resolved,gobierno anuncia ampliacion de rutas de transporte interprovincial en la paz,Registro sintético para entrenamiento basado en patrones de noticias bolivianas: Gobierno anuncia ampliación de rutas de transporte interprovincial en La Paz.,tecnologia,21,158,6,Gobierno;anuncia;ampliación;rutas;transporte;interprovincial;Paz;tecnologia
BO-R-SYN-042,Municipio de El Alto inicia campaña de vacunación en unidades educativas,Registro sintético para entrenamiento basado en patrones de noticias bolivianas: Municipio de El Alto inicia campaña de vacunación en unidades educativas.,SYNTHETIC,https://synthetic.example/real/042,https://synthetic.example/real/042,2026-01-15,Bolivia,es,REAL,SYNTHETIC,https://synthetic.example/real/042,Registro sintético generado para entrenamiento; no corresponde a una noticia real.,ce2c41ae0f5fa9b0f75626dcb5d383cd16212c614e1ebf8597862bf1a23d6087,SYN-REAL-009,SYN-REAL-009,v1.0,verified,active,resolved,municipio de el alto inicia campana de vacunacion en unidades educativas,Registro sintético para entrenamiento basado en patrones de noticias bolivianas: Municipio de El Alto inicia campaña de vacunación en unidades educativas.,salud,21,154,6,Municipio;Alto;inicia;campaña;vacunación;unidades;educativas;salud
BO-R-SYN-043,Productores de Cochabamba reportan mejora en la cosecha de papa,Registro sintético para entrenamiento basado en patrones de noticias bolivianas: Productores de Cochabamba reportan mejora en la cosecha de papa.,SYNTHETIC,https://synthetic.example/real/043,https://synthetic.example/real/043,2026-01-15,Bolivia,es,REAL,SYNTHETIC,https://synthetic.example/real/043,Registro sintético generado para entrenamiento; no corresponde a una noticia real.,dd591d33f3c784555619f2298c072188a1e63e51b246fafcd27efd4accd6f29d,SYN-REAL-009,SYN-REAL-009,v1.0,verified,active,resolved,productores de cochabamba reportan mejora en la cosecha de papa,Registro sintético para entrenamiento basado en patrones de noticias bolivianas: Productores de Cochabamba reportan mejora en la cosecha de papa.,tecnologia,20,145,6,Productores;Cochabamba;reportan;mejora;cosecha;papa;tecnologia;SYNTHETIC
BO-R-SYN-044,YPFB informa mantenimiento programado en planta de almacenamiento de combustibles,Registro sintético para entrenamiento basado en patrones de noticias bolivianas: YPFB informa mantenimiento programado en planta de almacenamiento de combustibles.,SYNTHETIC,https://synthetic.example/real/044,https://synthetic.example/real/044,2026-01-15,Bolivia,es,REAL,SYNTHETIC,https://synthetic.example/real/044,Registro sintético generado para entrenamiento; no corresponde a una noticia real.,54b7d6bdd2b7bb5ddce97e4c1a9f1e9a84b61e0e0f279f990f08e1add50b8983,SYN-REAL-009,SYN-REAL-009,v1.0,verified,active,resolved,ypfb informa mantenimiento programado en planta de almacenamiento de combustibles,Registro sintético para entrenamiento basado en patrones de noticias bolivianas: YPFB informa mantenimiento programado en planta de almacenamiento de combustibles.,tecnologia,20,163,6,YPFB;informa;mantenimiento;programado;planta;almacenamiento;combustibles;tecnologia
BO-R-SYN-045,Asamblea Legislativa aprueba ley de apoyo a pequeños productores agrícolas,Registro sintético para entrenamiento basado en patrones de noticias bolivianas: Asamblea Legislativa aprueba ley de apoyo a pequeños productores agrícolas.,SYNTHETIC,https://synthetic.example/real/045,https://synthetic.example/real/045,2026-01-15,Bolivia,es,REAL,SYNTHETIC,https://synthetic.example/real/045,Registro sintético generado para entrenamiento; no corresponde a una noticia real.,7e3cc9663f11ad7c3b8f6e66bc0fd3b2657120c8c0d0f323ccdd3b288f63d7d9,SYN-REAL-009,SYN-REAL-009,v1.0,verified,active,resolved,asamblea legislativa aprueba ley de apoyo a pequenos productores agricolas,Registro sintético para entrenamiento basado en patrones de noticias bolivianas: Asamblea Legislativa aprueba ley de apoyo a pequeños productores agrícolas.,tecnologia,20,156,6,Asamblea;Legislativa;aprueba;ley;apoyo;pequeños;productores;agrícolas
BO-R-SYN-046,Gobierno anuncia ampliación de rutas de transporte interprovincial en La Paz,Registro sintético para entrenamiento basado en patrones de noticias bolivianas: Gobierno anuncia ampliación de rutas de transporte interprovincial en La Paz.,SYNTHETIC,https://synthetic.example/real/046,https://synthetic.example/real/046,2026-01-15,Bolivia,es,REAL,SYNTHETIC,https://synthetic.example/real/046,Registro sintético generado para entrenamiento; no corresponde a una noticia real.,d1a3661643335694b2ae6a7452bff7d8f23e581170162ca4695f6a03f3443087,SYN-REAL-010,SYN-REAL-010,v1.0,verified,active,resolved,gobierno anuncia ampliacion de rutas de transporte interprovincial en la paz,Registro sintético para entrenamiento basado en patrones de noticias bolivianas: Gobierno anuncia ampliación de rutas de transporte interprovincial en La Paz.,tecnologia,21,158,6,Gobierno;anuncia;ampliación;rutas;transporte;interprovincial;Paz;tecnologia
BO-R-SYN-047,Municipio de El Alto inicia campaña de vacunación en unidades educativas,Registro sintético para entrenamiento basado en patrones de noticias bolivianas: Municipio de El Alto inicia campaña de vacunación en unidades educativas.,SYNTHETIC,https://synthetic.example/real/047,https://synthetic.example/real/047,2026-01-15,Bolivia,es,REAL,SYNTHETIC,https://synthetic.example/real/047,Registro sintético generado para entrenamiento; no corresponde a una noticia real.,ce2c41ae0f5fa9b0f75626dcb5d383cd16212c614e1ebf8597862bf1a23d6087,SYN-REAL-010,SYN-REAL-010,v1.0,verified,active,resolved,municipio de el alto inicia campana de vacunacion en unidades educativas,Registro sintético para entrenamiento basado en patrones de noticias bolivianas: Municipio de El Alto inicia campaña de vacunación en unidades educativas.,salud,21,154,6,Municipio;Alto;inicia;campaña;vacunación;unidades;educativas;salud
BO-R-SYN-048,Productores de Cochabamba reportan mejora en la cosecha de papa,Registro sintético para entrenamiento basado en patrones de noticias bolivianas: Productores de Cochabamba reportan mejora en la cosecha de papa.,SYNTHETIC,https://synthetic.example/real/048,https://synthetic.example/real/048,2026-01-15,Bolivia,es,REAL,SYNTHETIC,https://synthetic.example/real/048,Registro sintético generado para entrenamiento; no corresponde a una noticia real.,dd591d33f3c784555619f2298c072188a1e63e51b246fafcd27efd4accd6f29d,SYN-REAL-010,SYN-REAL-010,v1.0,verified,active,resolved,productores de cochabamba reportan mejora en la cosecha de papa,Registro sintético para entrenamiento basado en patrones de noticias bolivianas: Productores de Cochabamba reportan mejora en la cosecha de papa.,tecnologia,20,145,6,Productores;Cochabamba;reportan;mejora;cosecha;papa;tecnologia;SYNTHETIC
BO-R-SYN-049,YPFB informa mantenimiento programado en planta de almacenamiento de combustibles,Registro sintético para entrenamiento basado en patrones de noticias bolivianas: YPFB informa mantenimiento programado en planta de almacenamiento de combustibles.,SYNTHETIC,https://synthetic.example/real/049,https://synthetic.example/real/049,2026-01-15,Bolivia,es,REAL,SYNTHETIC,https://synthetic.example/real/049,Registro sintético generado para entrenamiento; no corresponde a una noticia real.,54b7d6bdd2b7bb5ddce97e4c1a9f1e9a84b61e0e0f279f990f08e1add50b8983,SYN-REAL-010,SYN-REAL-010,v1.0,verified,active,resolved,ypfb informa mantenimiento programado en planta de almacenamiento de combustibles,Registro sintético para entrenamiento basado en patrones de noticias bolivianas: YPFB informa mantenimiento programado en planta de almacenamiento de combustibles.,tecnologia,20,163,6,YPFB;informa;mantenimiento;programado;planta;almacenamiento;combustibles;tecnologia
BO-F-SYN-001,Es falso que el Gobierno entregará un bono universal de Bs 5.000,Es falso que el Gobierno entregará un bono universal de Bs 5.000. Registro sintético generado para entrenamiento; representa un ejemplo ficticio de desinformación.,SYNTHETIC,https://synthetic.example/fake/001,https://synthetic.example/fake/001,2026-01-20,Bolivia,es,FAKE,SYNTHETIC,https://synthetic.example/fake/001,Registro sintético generado para entrenamiento; representa un ejemplo ficticio de desinformación.,b724f26978a53a2e8266daa673151202d6e9807cb8751b1cafa20503be87374c,SYN-FAKE-001,SYN-FAKE-001,v1.0,verified,active,resolved,es falso que el gobierno entregara un bono universal de bs 5 000,Es falso que el Gobierno entregará un bono universal de Bs 5.000. Registro sintético generado para entrenamiento; representa un ejemplo ficticio de desinformación.,politica,23,163,7,Gobierno;entregará;bono;universal;000;politica;SYNTHETIC
BO-F-SYN-002,Es falso que Unitel publicó una encuesta electoral con esos resultados,Es falso que Unitel publicó una encuesta electoral con esos resultados. Registro sintético generado para entrenamiento; representa un ejemplo ficticio de desinformación.,SYNTHETIC,https://synthetic.example/fake/002,https://synthetic.example/fake/002,2026-01-20,Bolivia,es,FAKE,SYNTHETIC,https://synthetic.example/fake/002,Registro sintético generado para entrenamiento; representa un ejemplo ficticio de desinformación.,7e87d1373286d7edfc2c39d7705e6da92ccf98673d513660b0b66e7933aadd81,SYN-FAKE-001,SYN-FAKE-001,v1.0,verified,active,resolved,es falso que unitel publico una encuesta electoral con esos resultados,Es falso que Unitel publicó una encuesta electoral con esos resultados. Registro sintético generado para entrenamiento; representa un ejemplo ficticio de desinformación.,sociedad,22,169,7,Unitel;publicó;encuesta;electoral;esos;resultados;sociedad;SYNTHETIC
BO-F-SYN-003,Es falso que YPFB anunció cierre definitivo de estaciones de servicio,Es falso que YPFB anunció cierre definitivo de estaciones de servicio. Registro sintético generado para entrenamiento; representa un ejemplo ficticio de desinformación.,SYNTHETIC,https://synthetic.example/fake/003,https://synthetic.example/fake/003,2026-01-20,Bolivia,es,FAKE,SYNTHETIC,https://synthetic.example/fake/003,Registro sintético generado para entrenamiento; representa un ejemplo ficticio de desinformación.,7f44b5bff77b5aa2ae36223043dde96a2ea11e0d8671e17bd6d76eb54dbbad85,SYN-FAKE-001,SYN-FAKE-001,v1.0,verified,active,resolved,es falso que ypfb anuncio cierre definitivo de estaciones de servicio,Es falso que YPFB anunció cierre definitivo de estaciones de servicio. Registro sintético generado para entrenamiento; representa un ejemplo ficticio de desinformación.,sociedad,22,168,7,YPFB;anunció;cierre;definitivo;estaciones;servicio;sociedad;SYNTHETIC
BO-F-SYN-004,Es falso que el Tribunal Supremo Electoral suspendió las elecciones municipales,Es falso que el Tribunal Supremo Electoral suspendió las elecciones municipales. Registro sintético generado para entrenamiento; representa un ejemplo ficticio de desinformación.,SYNTHETIC,https://synthetic.example/fake/004,https://synthetic.example/fake/004,2026-01-20,Bolivia,es,FAKE,SYNTHETIC,https://synthetic.example/fake/004,Registro sintético generado para entrenamiento; representa un ejemplo ficticio de desinformación.,3dc8e587c3193550a778599a6b13be66be0f03db9a5da3ea94fdc807586d775e,SYN-FAKE-001,SYN-FAKE-001,v1.0,verified,active,resolved,es falso que el tribunal supremo electoral suspendio las elecciones municipales,Es falso que el Tribunal Supremo Electoral suspendió las elecciones municipales. Registro sintético generado para entrenamiento; representa un ejemplo ficticio de desinformación.,politica,22,178,7,Tribunal;Supremo;Electoral;suspendió;elecciones;municipales;politica;SYNTHETIC
BO-F-SYN-005,Es falso que una imagen muestra combustible regalado en Santa Cruz,Es falso que una imagen muestra combustible regalado en Santa Cruz. Registro sintético generado para entrenamiento; representa un ejemplo ficticio de desinformación.,SYNTHETIC,https://synthetic.example/fake/005,https://synthetic.example/fake/005,2026-01-20,Bolivia,es,FAKE,SYNTHETIC,https://synthetic.example/fake/005,Registro sintético generado para entrenamiento; representa un ejemplo ficticio de desinformación.,66e0d641ea82147d6ce5e5b74aa4b55562c6086e0bf0c6070b1769884db9e138,SYN-FAKE-001,SYN-FAKE-001,v1.0,verified,active,resolved,es falso que una imagen muestra combustible regalado en santa cruz,Es falso que una imagen muestra combustible regalado en Santa Cruz. Registro sintético generado para entrenamiento; representa un ejemplo ficticio de desinformación.,economia,22,165,7,imagen;muestra;combustible;regalado;Santa;Cruz;economia;SYNTHETIC
BO-F-SYN-006,Es falso que el Gobierno entregará un bono universal de Bs 5.000,Es falso que el Gobierno entregará un bono universal de Bs 5.000. Registro sintético generado para entrenamiento; representa un ejemplo ficticio de desinformación.,SYNTHETIC,https://synthetic.example/fake/006,https://synthetic.example/fake/006,2026-01-20,Bolivia,es,FAKE,SYNTHETIC,https://synthetic.example/fake/006,Registro sintético generado para entrenamiento; representa un ejemplo ficticio de desinformación.,b724f26978a53a2e8266daa673151202d6e9807cb8751b1cafa20503be87374c,SYN-FAKE-002,SYN-FAKE-002,v1.0,verified,active,resolved,es falso que el gobierno entregara un bono universal de bs 5 000,Es falso que el Gobierno entregará un bono universal de Bs 5.000. Registro sintético generado para entrenamiento; representa un ejemplo ficticio de desinformación.,politica,23,163,7,Gobierno;entregará;bono;universal;000;politica;SYNTHETIC
BO-F-SYN-007,Es falso que Unitel publicó una encuesta electoral con esos resultados,Es falso que Unitel publicó una encuesta electoral con esos resultados. Registro sintético generado para entrenamiento; representa un ejemplo ficticio de desinformación.,SYNTHETIC,https://synthetic.example/fake/007,https://synthetic.example/fake/007,2026-01-20,Bolivia,es,FAKE,SYNTHETIC,https://synthetic.example/fake/007,Registro sintético generado para entrenamiento; representa un ejemplo ficticio de desinformación.,7e87d1373286d7edfc2c39d7705e6da92ccf98673d513660b0b66e7933aadd81,SYN-FAKE-002,SYN-FAKE-002,v1.0,verified,active,resolved,es falso que unitel publico una encuesta electoral con esos resultados,Es falso que Unitel publicó una encuesta electoral con esos resultados. Registro sintético generado para entrenamiento; representa un ejemplo ficticio de desinformación.,sociedad,22,169,7,Unitel;publicó;encuesta;electoral;esos;resultados;sociedad;SYNTHETIC
BO-F-SYN-008,Es falso que YPFB anunció cierre definitivo de estaciones de servicio,Es falso que YPFB anunció cierre definitivo de estaciones de servicio. Registro sintético generado para entrenamiento; representa un ejemplo ficticio de desinformación.,SYNTHETIC,https://synthetic.example/fake/008,https://synthetic.example/fake/008,2026-01-20,Bolivia,es,FAKE,SYNTHETIC,https://synthetic.example/fake/008,Registro sintético generado para entrenamiento; representa un ejemplo ficticio de desinformación.,7f44b5bff77b5aa2ae36223043dde96a2ea11e0d8671e17bd6d76eb54dbbad85,SYN-FAKE-002,SYN-FAKE-002,v1.0,verified,active,resolved,es falso que ypfb anuncio cierre definitivo de estaciones de servicio,Es falso que YPFB anunció cierre definitivo de estaciones de servicio. Registro sintético generado para entrenamiento; representa un ejemplo ficticio de desinformación.,sociedad,22,168,7,YPFB;anunció;cierre;definitivo;estaciones;servicio;sociedad;SYNTHETIC
BO-F-SYN-009,Es falso que el Tribunal Supremo Electoral suspendió las elecciones municipales,Es falso que el Tribunal Supremo Electoral suspendió las elecciones municipales. Registro sintético generado para entrenamiento; representa un ejemplo ficticio de desinformación.,SYNTHETIC,https://synthetic.example/fake/009,https://synthetic.example/fake/009,2026-01-20,Bolivia,es,FAKE,SYNTHETIC,https://synthetic.example/fake/009,Registro sintético generado para entrenamiento; representa un ejemplo ficticio de desinformación.,3dc8e587c3193550a778599a6b13be66be0f03db9a5da3ea94fdc807586d775e,SYN-FAKE-002,SYN-FAKE-002,v1.0,verified,active,resolved,es falso que el tribunal supremo electoral suspendio las elecciones municipales,Es falso que el Tribunal Supremo Electoral suspendió las elecciones municipales. Registro sintético generado para entrenamiento; representa un ejemplo ficticio de desinformación.,politica,22,178,7,Tribunal;Supremo;Electoral;suspendió;elecciones;municipales;politica;SYNTHETIC
BO-F-SYN-010,Es falso que una imagen muestra combustible regalado en Santa Cruz,Es falso que una imagen muestra combustible regalado en Santa Cruz. Registro sintético generado para entrenamiento; representa un ejemplo ficticio de desinformación.,SYNTHETIC,https://synthetic.example/fake/010,https://synthetic.example/fake/010,2026-01-20,Bolivia,es,FAKE,SYNTHETIC,https://synthetic.example/fake/010,Registro sintético generado para entrenamiento; representa un ejemplo ficticio de desinformación.,66e0d641ea82147d6ce5e5b74aa4b55562c6086e0bf0c6070b1769884db9e138,SYN-FAKE-002,SYN-FAKE-002,v1.0,verified,active,resolved,es falso que una imagen muestra combustible regalado en santa cruz,Es falso que una imagen muestra combustible regalado en Santa Cruz. Registro sintético generado para entrenamiento; representa un ejemplo ficticio de desinformación.,economia,22,165,7,imagen;muestra;combustible;regalado;Santa;Cruz;economia;SYNTHETIC
BO-F-SYN-011,Es falso que el Gobierno entregará un bono universal de Bs 5.000,Es falso que el Gobierno entregará un bono universal de Bs 5.000. Registro sintético generado para entrenamiento; representa un ejemplo ficticio de desinformación.,SYNTHETIC,https://synthetic.example/fake/011,https://synthetic.example/fake/011,2026-01-20,Bolivia,es,FAKE,SYNTHETIC,https://synthetic.example/fake/011,Registro sintético generado para entrenamiento; representa un ejemplo ficticio de desinformación.,b724f26978a53a2e8266daa673151202d6e9807cb8751b1cafa20503be87374c,SYN-FAKE-003,SYN-FAKE-003,v1.0,verified,active,resolved,es falso que el gobierno entregara un bono universal de bs 5 000,Es falso que el Gobierno entregará un bono universal de Bs 5.000. Registro sintético generado para entrenamiento; representa un ejemplo ficticio de desinformación.,politica,23,163,7,Gobierno;entregará;bono;universal;000;politica;SYNTHETIC
BO-F-SYN-012,Es falso que Unitel publicó una encuesta electoral con esos resultados,Es falso que Unitel publicó una encuesta electoral con esos resultados. Registro sintético generado para entrenamiento; representa un ejemplo ficticio de desinformación.,SYNTHETIC,https://synthetic.example/fake/012,https://synthetic.example/fake/012,2026-01-20,Bolivia,es,FAKE,SYNTHETIC,https://synthetic.example/fake/012,Registro sintético generado para entrenamiento; representa un ejemplo ficticio de desinformación.,7e87d1373286d7edfc2c39d7705e6da92ccf98673d513660b0b66e7933aadd81,SYN-FAKE-003,SYN-FAKE-003,v1.0,verified,active,resolved,es falso que unitel publico una encuesta electoral con esos resultados,Es falso que Unitel publicó una encuesta electoral con esos resultados. Registro sintético generado para entrenamiento; representa un ejemplo ficticio de desinformación.,sociedad,22,169,7,Unitel;publicó;encuesta;electoral;esos;resultados;sociedad;SYNTHETIC
BO-F-SYN-013,Es falso que YPFB anunció cierre definitivo de estaciones de servicio,Es falso que YPFB anunció cierre definitivo de estaciones de servicio. Registro sintético generado para entrenamiento; representa un ejemplo ficticio de desinformación.,SYNTHETIC,https://synthetic.example/fake/013,https://synthetic.example/fake/013,2026-01-20,Bolivia,es,FAKE,SYNTHETIC,https://synthetic.example/fake/013,Registro sintético generado para entrenamiento; representa un ejemplo ficticio de desinformación.,7f44b5bff77b5aa2ae36223043dde96a2ea11e0d8671e17bd6d76eb54dbbad85,SYN-FAKE-003,SYN-FAKE-003,v1.0,verified,active,resolved,es falso que ypfb anuncio cierre definitivo de estaciones de servicio,Es falso que YPFB anunció cierre definitivo de estaciones de servicio. Registro sintético generado para entrenamiento; representa un ejemplo ficticio de desinformación.,sociedad,22,168,7,YPFB;anunció;cierre;definitivo;estaciones;servicio;sociedad;SYNTHETIC
BO-F-SYN-014,Es falso que el Tribunal Supremo Electoral suspendió las elecciones municipales,Es falso que el Tribunal Supremo Electoral suspendió las elecciones municipales. Registro sintético generado para entrenamiento; representa un ejemplo ficticio de desinformación.,SYNTHETIC,https://synthetic.example/fake/014,https://synthetic.example/fake/014,2026-01-20,Bolivia,es,FAKE,SYNTHETIC,https://synthetic.example/fake/014,Registro sintético generado para entrenamiento; representa un ejemplo ficticio de desinformación.,3dc8e587c3193550a778599a6b13be66be0f03db9a5da3ea94fdc807586d775e,SYN-FAKE-003,SYN-FAKE-003,v1.0,verified,active,resolved,es falso que el tribunal supremo electoral suspendio las elecciones municipales,Es falso que el Tribunal Supremo Electoral suspendió las elecciones municipales. Registro sintético generado para entrenamiento; representa un ejemplo ficticio de desinformación.,politica,22,178,7,Tribunal;Supremo;Electoral;suspendió;elecciones;municipales;politica;SYNTHETIC
BO-F-SYN-015,Es falso que una imagen muestra combustible regalado en Santa Cruz,Es falso que una imagen muestra combustible regalado en Santa Cruz. Registro sintético generado para entrenamiento; representa un ejemplo ficticio de desinformación.,SYNTHETIC,https://synthetic.example/fake/015,https://synthetic.example/fake/015,2026-01-20,Bolivia,es,FAKE,SYNTHETIC,https://synthetic.example/fake/015,Registro sintético generado para entrenamiento; representa un ejemplo ficticio de desinformación.,66e0d641ea82147d6ce5e5b74aa4b55562c6086e0bf0c6070b1769884db9e138,SYN-FAKE-003,SYN-FAKE-003,v1.0,verified,active,resolved,es falso que una imagen muestra combustible regalado en santa cruz,Es falso que una imagen muestra combustible regalado en Santa Cruz. Registro sintético generado para entrenamiento; representa un ejemplo ficticio de desinformación.,economia,22,165,7,imagen;muestra;combustible;regalado;Santa;Cruz;economia;SYNTHETIC
BO-F-SYN-016,Es falso que el Gobierno entregará un bono universal de Bs 5.000,Es falso que el Gobierno entregará un bono universal de Bs 5.000. Registro sintético generado para entrenamiento; representa un ejemplo ficticio de desinformación.,SYNTHETIC,https://synthetic.example/fake/016,https://synthetic.example/fake/016,2026-01-20,Bolivia,es,FAKE,SYNTHETIC,https://synthetic.example/fake/016,Registro sintético generado para entrenamiento; representa un ejemplo ficticio de desinformación.,b724f26978a53a2e8266daa673151202d6e9807cb8751b1cafa20503be87374c,SYN-FAKE-004,SYN-FAKE-004,v1.0,verified,active,resolved,es falso que el gobierno entregara un bono universal de bs 5 000,Es falso que el Gobierno entregará un bono universal de Bs 5.000. Registro sintético generado para entrenamiento; representa un ejemplo ficticio de desinformación.,politica,23,163,7,Gobierno;entregará;bono;universal;000;politica;SYNTHETIC
BO-F-SYN-017,Es falso que Unitel publicó una encuesta electoral con esos resultados,Es falso que Unitel publicó una encuesta electoral con esos resultados. Registro sintético generado para entrenamiento; representa un ejemplo ficticio de desinformación.,SYNTHETIC,https://synthetic.example/fake/017,https://synthetic.example/fake/017,2026-01-20,Bolivia,es,FAKE,SYNTHETIC,https://synthetic.example/fake/017,Registro sintético generado para entrenamiento; representa un ejemplo ficticio de desinformación.,7e87d1373286d7edfc2c39d7705e6da92ccf98673d513660b0b66e7933aadd81,SYN-FAKE-004,SYN-FAKE-004,v1.0,verified,active,resolved,es falso que unitel publico una encuesta electoral con esos resultados,Es falso que Unitel publicó una encuesta electoral con esos resultados. Registro sintético generado para entrenamiento; representa un ejemplo ficticio de desinformación.,sociedad,22,169,7,Unitel;publicó;encuesta;electoral;esos;resultados;sociedad;SYNTHETIC
BO-F-SYN-018,Es falso que YPFB anunció cierre definitivo de estaciones de servicio,Es falso que YPFB anunció cierre definitivo de estaciones de servicio. Registro sintético generado para entrenamiento; representa un ejemplo ficticio de desinformación.,SYNTHETIC,https://synthetic.example/fake/018,https://synthetic.example/fake/018,2026-01-20,Bolivia,es,FAKE,SYNTHETIC,https://synthetic.example/fake/018,Registro sintético generado para entrenamiento; representa un ejemplo ficticio de desinformación.,7f44b5bff77b5aa2ae36223043dde96a2ea11e0d8671e17bd6d76eb54dbbad85,SYN-FAKE-004,SYN-FAKE-004,v1.0,verified,active,resolved,es falso que ypfb anuncio cierre definitivo de estaciones de servicio,Es falso que YPFB anunció cierre definitivo de estaciones de servicio. Registro sintético generado para entrenamiento; representa un ejemplo ficticio de desinformación.,sociedad,22,168,7,YPFB;anunció;cierre;definitivo;estaciones;servicio;sociedad;SYNTHETIC
BO-F-SYN-019,Es falso que el Tribunal Supremo Electoral suspendió las elecciones municipales,Es falso que el Tribunal Supremo Electoral suspendió las elecciones municipales. Registro sintético generado para entrenamiento; representa un ejemplo ficticio de desinformación.,SYNTHETIC,https://synthetic.example/fake/019,https://synthetic.example/fake/019,2026-01-20,Bolivia,es,FAKE,SYNTHETIC,https://synthetic.example/fake/019,Registro sintético generado para entrenamiento; representa un ejemplo ficticio de desinformación.,3dc8e587c3193550a778599a6b13be66be0f03db9a5da3ea94fdc807586d775e,SYN-FAKE-004,SYN-FAKE-004,v1.0,verified,active,resolved,es falso que el tribunal supremo electoral suspendio las elecciones municipales,Es falso que el Tribunal Supremo Electoral suspendió las elecciones municipales. Registro sintético generado para entrenamiento; representa un ejemplo ficticio de desinformación.,politica,22,178,7,Tribunal;Supremo;Electoral;suspendió;elecciones;municipales;politica;SYNTHETIC
BO-F-SYN-020,Es falso que una imagen muestra combustible regalado en Santa Cruz,Es falso que una imagen muestra combustible regalado en Santa Cruz. Registro sintético generado para entrenamiento; representa un ejemplo ficticio de desinformación.,SYNTHETIC,https://synthetic.example/fake/020,https://synthetic.example/fake/020,2026-01-20,Bolivia,es,FAKE,SYNTHETIC,https://synthetic.example/fake/020,Registro sintético generado para entrenamiento; representa un ejemplo ficticio de desinformación.,66e0d641ea82147d6ce5e5b74aa4b55562c6086e0bf0c6070b1769884db9e138,SYN-FAKE-004,SYN-FAKE-004,v1.0,verified,active,resolved,es falso que una imagen muestra combustible regalado en santa cruz,Es falso que una imagen muestra combustible regalado en Santa Cruz. Registro sintético generado para entrenamiento; representa un ejemplo ficticio de desinformación.,economia,22,165,7,imagen;muestra;combustible;regalado;Santa;Cruz;economia;SYNTHETIC
BO-F-SYN-021,Es falso que el Gobierno entregará un bono universal de Bs 5.000,Es falso que el Gobierno entregará un bono universal de Bs 5.000. Registro sintético generado para entrenamiento; representa un ejemplo ficticio de desinformación.,SYNTHETIC,https://synthetic.example/fake/021,https://synthetic.example/fake/021,2026-01-20,Bolivia,es,FAKE,SYNTHETIC,https://synthetic.example/fake/021,Registro sintético generado para entrenamiento; representa un ejemplo ficticio de desinformación.,b724f26978a53a2e8266daa673151202d6e9807cb8751b1cafa20503be87374c,SYN-FAKE-005,SYN-FAKE-005,v1.0,verified,active,resolved,es falso que el gobierno entregara un bono universal de bs 5 000,Es falso que el Gobierno entregará un bono universal de Bs 5.000. Registro sintético generado para entrenamiento; representa un ejemplo ficticio de desinformación.,politica,23,163,7,Gobierno;entregará;bono;universal;000;politica;SYNTHETIC
BO-F-SYN-022,Es falso que Unitel publicó una encuesta electoral con esos resultados,Es falso que Unitel publicó una encuesta electoral con esos resultados. Registro sintético generado para entrenamiento; representa un ejemplo ficticio de desinformación.,SYNTHETIC,https://synthetic.example/fake/022,https://synthetic.example/fake/022,2026-01-20,Bolivia,es,FAKE,SYNTHETIC,https://synthetic.example/fake/022,Registro sintético generado para entrenamiento; representa un ejemplo ficticio de desinformación.,7e87d1373286d7edfc2c39d7705e6da92ccf98673d513660b0b66e7933aadd81,SYN-FAKE-005,SYN-FAKE-005,v1.0,verified,active,resolved,es falso que unitel publico una encuesta electoral con esos resultados,Es falso que Unitel publicó una encuesta electoral con esos resultados. Registro sintético generado para entrenamiento; representa un ejemplo ficticio de desinformación.,sociedad,22,169,7,Unitel;publicó;encuesta;electoral;esos;resultados;sociedad;SYNTHETIC
BO-F-SYN-023,Es falso que YPFB anunció cierre definitivo de estaciones de servicio,Es falso que YPFB anunció cierre definitivo de estaciones de servicio. Registro sintético generado para entrenamiento; representa un ejemplo ficticio de desinformación.,SYNTHETIC,https://synthetic.example/fake/023,https://synthetic.example/fake/023,2026-01-20,Bolivia,es,FAKE,SYNTHETIC,https://synthetic.example/fake/023,Registro sintético generado para entrenamiento; representa un ejemplo ficticio de desinformación.,7f44b5bff77b5aa2ae36223043dde96a2ea11e0d8671e17bd6d76eb54dbbad85,SYN-FAKE-005,SYN-FAKE-005,v1.0,verified,active,resolved,es falso que ypfb anuncio cierre definitivo de estaciones de servicio,Es falso que YPFB anunció cierre definitivo de estaciones de servicio. Registro sintético generado para entrenamiento; representa un ejemplo ficticio de desinformación.,sociedad,22,168,7,YPFB;anunció;cierre;definitivo;estaciones;servicio;sociedad;SYNTHETIC
BO-F-SYN-024,Es falso que el Tribunal Supremo Electoral suspendió las elecciones municipales,Es falso que el Tribunal Supremo Electoral suspendió las elecciones municipales. Registro sintético generado para entrenamiento; representa un ejemplo ficticio de desinformación.,SYNTHETIC,https://synthetic.example/fake/024,https://synthetic.example/fake/024,2026-01-20,Bolivia,es,FAKE,SYNTHETIC,https://synthetic.example/fake/024,Registro sintético generado para entrenamiento; representa un ejemplo ficticio de desinformación.,3dc8e587c3193550a778599a6b13be66be0f03db9a5da3ea94fdc807586d775e,SYN-FAKE-005,SYN-FAKE-005,v1.0,verified,active,resolved,es falso que el tribunal supremo electoral suspendio las elecciones municipales,Es falso que el Tribunal Supremo Electoral suspendió las elecciones municipales. Registro sintético generado para entrenamiento; representa un ejemplo ficticio de desinformación.,politica,22,178,7,Tribunal;Supremo;Electoral;suspendió;elecciones;municipales;politica;SYNTHETIC
BO-F-SYN-025,Es falso que una imagen muestra combustible regalado en Santa Cruz,Es falso que una imagen muestra combustible regalado en Santa Cruz. Registro sintético generado para entrenamiento; representa un ejemplo ficticio de desinformación.,SYNTHETIC,https://synthetic.example/fake/025,https://synthetic.example/fake/025,2026-01-20,Bolivia,es,FAKE,SYNTHETIC,https://synthetic.example/fake/025,Registro sintético generado para entrenamiento; representa un ejemplo ficticio de desinformación.,66e0d641ea82147d6ce5e5b74aa4b55562c6086e0bf0c6070b1769884db9e138,SYN-FAKE-005,SYN-FAKE-005,v1.0,verified,active,resolved,es falso que una imagen muestra combustible regalado en santa cruz,Es falso que una imagen muestra combustible regalado en Santa Cruz. Registro sintético generado para entrenamiento; representa un ejemplo ficticio de desinformación.,economia,22,165,7,imagen;muestra;combustible;regalado;Santa;Cruz;economia;SYNTHETIC
BO-F-SYN-026,Es falso que el Gobierno entregará un bono universal de Bs 5.000,Es falso que el Gobierno entregará un bono universal de Bs 5.000. Registro sintético generado para entrenamiento; representa un ejemplo ficticio de desinformación.,SYNTHETIC,https://synthetic.example/fake/026,https://synthetic.example/fake/026,2026-01-20,Bolivia,es,FAKE,SYNTHETIC,https://synthetic.example/fake/026,Registro sintético generado para entrenamiento; representa un ejemplo ficticio de desinformación.,b724f26978a53a2e8266daa673151202d6e9807cb8751b1cafa20503be87374c,SYN-FAKE-006,SYN-FAKE-006,v1.0,verified,active,resolved,es falso que el gobierno entregara un bono universal de bs 5 000,Es falso que el Gobierno entregará un bono universal de Bs 5.000. Registro sintético generado para entrenamiento; representa un ejemplo ficticio de desinformación.,politica,23,163,7,Gobierno;entregará;bono;universal;000;politica;SYNTHETIC
BO-F-SYN-027,Es falso que Unitel publicó una encuesta electoral con esos resultados,Es falso que Unitel publicó una encuesta electoral con esos resultados. Registro sintético generado para entrenamiento; representa un ejemplo ficticio de desinformación.,SYNTHETIC,https://synthetic.example/fake/027,https://synthetic.example/fake/027,2026-01-20,Bolivia,es,FAKE,SYNTHETIC,https://synthetic.example/fake/027,Registro sintético generado para entrenamiento; representa un ejemplo ficticio de desinformación.,7e87d1373286d7edfc2c39d7705e6da92ccf98673d513660b0b66e7933aadd81,SYN-FAKE-006,SYN-FAKE-006,v1.0,verified,active,resolved,es falso que unitel publico una encuesta electoral con esos resultados,Es falso que Unitel publicó una encuesta electoral con esos resultados. Registro sintético generado para entrenamiento; representa un ejemplo ficticio de desinformación.,sociedad,22,169,7,Unitel;publicó;encuesta;electoral;esos;resultados;sociedad;SYNTHETIC
BO-F-SYN-028,Es falso que YPFB anunció cierre definitivo de estaciones de servicio,Es falso que YPFB anunció cierre definitivo de estaciones de servicio. Registro sintético generado para entrenamiento; representa un ejemplo ficticio de desinformación.,SYNTHETIC,https://synthetic.example/fake/028,https://synthetic.example/fake/028,2026-01-20,Bolivia,es,FAKE,SYNTHETIC,https://synthetic.example/fake/028,Registro sintético generado para entrenamiento; representa un ejemplo ficticio de desinformación.,7f44b5bff77b5aa2ae36223043dde96a2ea11e0d8671e17bd6d76eb54dbbad85,SYN-FAKE-006,SYN-FAKE-006,v1.0,verified,active,resolved,es falso que ypfb anuncio cierre definitivo de estaciones de servicio,Es falso que YPFB anunció cierre definitivo de estaciones de servicio. Registro sintético generado para entrenamiento; representa un ejemplo ficticio de desinformación.,sociedad,22,168,7,YPFB;anunció;cierre;definitivo;estaciones;servicio;sociedad;SYNTHETIC
BO-F-SYN-029,Es falso que el Tribunal Supremo Electoral suspendió las elecciones municipales,Es falso que el Tribunal Supremo Electoral suspendió las elecciones municipales. Registro sintético generado para entrenamiento; representa un ejemplo ficticio de desinformación.,SYNTHETIC,https://synthetic.example/fake/029,https://synthetic.example/fake/029,2026-01-20,Bolivia,es,FAKE,SYNTHETIC,https://synthetic.example/fake/029,Registro sintético generado para entrenamiento; representa un ejemplo ficticio de desinformación.,3dc8e587c3193550a778599a6b13be66be0f03db9a5da3ea94fdc807586d775e,SYN-FAKE-006,SYN-FAKE-006,v1.0,verified,active,resolved,es falso que el tribunal supremo electoral suspendio las elecciones municipales,Es falso que el Tribunal Supremo Electoral suspendió las elecciones municipales. Registro sintético generado para entrenamiento; representa un ejemplo ficticio de desinformación.,politica,22,178,7,Tribunal;Supremo;Electoral;suspendió;elecciones;municipales;politica;SYNTHETIC
BO-F-SYN-030,Es falso que una imagen muestra combustible regalado en Santa Cruz,Es falso que una imagen muestra combustible regalado en Santa Cruz. Registro sintético generado para entrenamiento; representa un ejemplo ficticio de desinformación.,SYNTHETIC,https://synthetic.example/fake/030,https://synthetic.example/fake/030,2026-01-20,Bolivia,es,FAKE,SYNTHETIC,https://synthetic.example/fake/030,Registro sintético generado para entrenamiento; representa un ejemplo ficticio de desinformación.,66e0d641ea82147d6ce5e5b74aa4b55562c6086e0bf0c6070b1769884db9e138,SYN-FAKE-006,SYN-FAKE-006,v1.0,verified,active,resolved,es falso que una imagen muestra combustible regalado en santa cruz,Es falso que una imagen muestra combustible regalado en Santa Cruz. Registro sintético generado para entrenamiento; representa un ejemplo ficticio de desinformación.,economia,22,165,7,imagen;muestra;combustible;regalado;Santa;Cruz;economia;SYNTHETIC
BO-F-SYN-031,Es falso que el Gobierno entregará un bono universal de Bs 5.000,Es falso que el Gobierno entregará un bono universal de Bs 5.000. Registro sintético generado para entrenamiento; representa un ejemplo ficticio de desinformación.,SYNTHETIC,https://synthetic.example/fake/031,https://synthetic.example/fake/031,2026-01-20,Bolivia,es,FAKE,SYNTHETIC,https://synthetic.example/fake/031,Registro sintético generado para entrenamiento; representa un ejemplo ficticio de desinformación.,b724f26978a53a2e8266daa673151202d6e9807cb8751b1cafa20503be87374c,SYN-FAKE-007,SYN-FAKE-007,v1.0,verified,active,resolved,es falso que el gobierno entregara un bono universal de bs 5 000,Es falso que el Gobierno entregará un bono universal de Bs 5.000. Registro sintético generado para entrenamiento; representa un ejemplo ficticio de desinformación.,politica,23,163,7,Gobierno;entregará;bono;universal;000;politica;SYNTHETIC
BO-F-SYN-032,Es falso que Unitel publicó una encuesta electoral con esos resultados,Es falso que Unitel publicó una encuesta electoral con esos resultados. Registro sintético generado para entrenamiento; representa un ejemplo ficticio de desinformación.,SYNTHETIC,https://synthetic.example/fake/032,https://synthetic.example/fake/032,2026-01-20,Bolivia,es,FAKE,SYNTHETIC,https://synthetic.example/fake/032,Registro sintético generado para entrenamiento; representa un ejemplo ficticio de desinformación.,7e87d1373286d7edfc2c39d7705e6da92ccf98673d513660b0b66e7933aadd81,SYN-FAKE-007,SYN-FAKE-007,v1.0,verified,active,resolved,es falso que unitel publico una encuesta electoral con esos resultados,Es falso que Unitel publicó una encuesta electoral con esos resultados. Registro sintético generado para entrenamiento; representa un ejemplo ficticio de desinformación.,sociedad,22,169,7,Unitel;publicó;encuesta;electoral;esos;resultados;sociedad;SYNTHETIC
BO-F-SYN-033,Es falso que YPFB anunció cierre definitivo de estaciones de servicio,Es falso que YPFB anunció cierre definitivo de estaciones de servicio. Registro sintético generado para entrenamiento; representa un ejemplo ficticio de desinformación.,SYNTHETIC,https://synthetic.example/fake/033,https://synthetic.example/fake/033,2026-01-20,Bolivia,es,FAKE,SYNTHETIC,https://synthetic.example/fake/033,Registro sintético generado para entrenamiento; representa un ejemplo ficticio de desinformación.,7f44b5bff77b5aa2ae36223043dde96a2ea11e0d8671e17bd6d76eb54dbbad85,SYN-FAKE-007,SYN-FAKE-007,v1.0,verified,active,resolved,es falso que ypfb anuncio cierre definitivo de estaciones de servicio,Es falso que YPFB anunció cierre definitivo de estaciones de servicio. Registro sintético generado para entrenamiento; representa un ejemplo ficticio de desinformación.,sociedad,22,168,7,YPFB;anunció;cierre;definitivo;estaciones;servicio;sociedad;SYNTHETIC
BO-F-SYN-034,Es falso que el Tribunal Supremo Electoral suspendió las elecciones municipales,Es falso que el Tribunal Supremo Electoral suspendió las elecciones municipales. Registro sintético generado para entrenamiento; representa un ejemplo ficticio de desinformación.,SYNTHETIC,https://synthetic.example/fake/034,https://synthetic.example/fake/034,2026-01-20,Bolivia,es,FAKE,SYNTHETIC,https://synthetic.example/fake/034,Registro sintético generado para entrenamiento; representa un ejemplo ficticio de desinformación.,3dc8e587c3193550a778599a6b13be66be0f03db9a5da3ea94fdc807586d775e,SYN-FAKE-007,SYN-FAKE-007,v1.0,verified,active,resolved,es falso que el tribunal supremo electoral suspendio las elecciones municipales,Es falso que el Tribunal Supremo Electoral suspendió las elecciones municipales. Registro sintético generado para entrenamiento; representa un ejemplo ficticio de desinformación.,politica,22,178,7,Tribunal;Supremo;Electoral;suspendió;elecciones;municipales;politica;SYNTHETIC
BO-F-SYN-035,Es falso que una imagen muestra combustible regalado en Santa Cruz,Es falso que una imagen muestra combustible regalado en Santa Cruz. Registro sintético generado para entrenamiento; representa un ejemplo ficticio de desinformación.,SYNTHETIC,https://synthetic.example/fake/035,https://synthetic.example/fake/035,2026-01-20,Bolivia,es,FAKE,SYNTHETIC,https://synthetic.example/fake/035,Registro sintético generado para entrenamiento; representa un ejemplo ficticio de desinformación.,66e0d641ea82147d6ce5e5b74aa4b55562c6086e0bf0c6070b1769884db9e138,SYN-FAKE-007,SYN-FAKE-007,v1.0,verified,active,resolved,es falso que una imagen muestra combustible regalado en santa cruz,Es falso que una imagen muestra combustible regalado en Santa Cruz. Registro sintético generado para entrenamiento; representa un ejemplo ficticio de desinformación.,economia,22,165,7,imagen;muestra;combustible;regalado;Santa;Cruz;economia;SYNTHETIC
BO-F-SYN-036,Es falso que el Gobierno entregará un bono universal de Bs 5.000,Es falso que el Gobierno entregará un bono universal de Bs 5.000. Registro sintético generado para entrenamiento; representa un ejemplo ficticio de desinformación.,SYNTHETIC,https://synthetic.example/fake/036,https://synthetic.example/fake/036,2026-01-20,Bolivia,es,FAKE,SYNTHETIC,https://synthetic.example/fake/036,Registro sintético generado para entrenamiento; representa un ejemplo ficticio de desinformación.,b724f26978a53a2e8266daa673151202d6e9807cb8751b1cafa20503be87374c,SYN-FAKE-008,SYN-FAKE-008,v1.0,verified,active,resolved,es falso que el gobierno entregara un bono universal de bs 5 000,Es falso que el Gobierno entregará un bono universal de Bs 5.000. Registro sintético generado para entrenamiento; representa un ejemplo ficticio de desinformación.,politica,23,163,7,Gobierno;entregará;bono;universal;000;politica;SYNTHETIC
BO-F-SYN-037,Es falso que Unitel publicó una encuesta electoral con esos resultados,Es falso que Unitel publicó una encuesta electoral con esos resultados. Registro sintético generado para entrenamiento; representa un ejemplo ficticio de desinformación.,SYNTHETIC,https://synthetic.example/fake/037,https://synthetic.example/fake/037,2026-01-20,Bolivia,es,FAKE,SYNTHETIC,https://synthetic.example/fake/037,Registro sintético generado para entrenamiento; representa un ejemplo ficticio de desinformación.,7e87d1373286d7edfc2c39d7705e6da92ccf98673d513660b0b66e7933aadd81,SYN-FAKE-008,SYN-FAKE-008,v1.0,verified,active,resolved,es falso que unitel publico una encuesta electoral con esos resultados,Es falso que Unitel publicó una encuesta electoral con esos resultados. Registro sintético generado para entrenamiento; representa un ejemplo ficticio de desinformación.,sociedad,22,169,7,Unitel;publicó;encuesta;electoral;esos;resultados;sociedad;SYNTHETIC
BO-F-SYN-038,Es falso que YPFB anunció cierre definitivo de estaciones de servicio,Es falso que YPFB anunció cierre definitivo de estaciones de servicio. Registro sintético generado para entrenamiento; representa un ejemplo ficticio de desinformación.,SYNTHETIC,https://synthetic.example/fake/038,https://synthetic.example/fake/038,2026-01-20,Bolivia,es,FAKE,SYNTHETIC,https://synthetic.example/fake/038,Registro sintético generado para entrenamiento; representa un ejemplo ficticio de desinformación.,7f44b5bff77b5aa2ae36223043dde96a2ea11e0d8671e17bd6d76eb54dbbad85,SYN-FAKE-008,SYN-FAKE-008,v1.0,verified,active,resolved,es falso que ypfb anuncio cierre definitivo de estaciones de servicio,Es falso que YPFB anunció cierre definitivo de estaciones de servicio. Registro sintético generado para entrenamiento; representa un ejemplo ficticio de desinformación.,sociedad,22,168,7,YPFB;anunció;cierre;definitivo;estaciones;servicio;sociedad;SYNTHETIC
BO-F-SYN-039,Es falso que el Tribunal Supremo Electoral suspendió las elecciones municipales,Es falso que el Tribunal Supremo Electoral suspendió las elecciones municipales. Registro sintético generado para entrenamiento; representa un ejemplo ficticio de desinformación.,SYNTHETIC,https://synthetic.example/fake/039,https://synthetic.example/fake/039,2026-01-20,Bolivia,es,FAKE,SYNTHETIC,https://synthetic.example/fake/039,Registro sintético generado para entrenamiento; representa un ejemplo ficticio de desinformación.,3dc8e587c3193550a778599a6b13be66be0f03db9a5da3ea94fdc807586d775e,SYN-FAKE-008,SYN-FAKE-008,v1.0,verified,active,resolved,es falso que el tribunal supremo electoral suspendio las elecciones municipales,Es falso que el Tribunal Supremo Electoral suspendió las elecciones municipales. Registro sintético generado para entrenamiento; representa un ejemplo ficticio de desinformación.,politica,22,178,7,Tribunal;Supremo;Electoral;suspendió;elecciones;municipales;politica;SYNTHETIC
BO-F-SYN-040,Es falso que una imagen muestra combustible regalado en Santa Cruz,Es falso que una imagen muestra combustible regalado en Santa Cruz. Registro sintético generado para entrenamiento; representa un ejemplo ficticio de desinformación.,SYNTHETIC,https://synthetic.example/fake/040,https://synthetic.example/fake/040,2026-01-20,Bolivia,es,FAKE,SYNTHETIC,https://synthetic.example/fake/040,Registro sintético generado para entrenamiento; representa un ejemplo ficticio de desinformación.,66e0d641ea82147d6ce5e5b74aa4b55562c6086e0bf0c6070b1769884db9e138,SYN-FAKE-008,SYN-FAKE-008,v1.0,verified,active,resolved,es falso que una imagen muestra combustible regalado en santa cruz,Es falso que una imagen muestra combustible regalado en Santa Cruz. Registro sintético generado para entrenamiento; representa un ejemplo ficticio de desinformación.,economia,22,165,7,imagen;muestra;combustible;regalado;Santa;Cruz;economia;SYNTHETIC
BO-F-SYN-041,Es falso que el Gobierno entregará un bono universal de Bs 5.000,Es falso que el Gobierno entregará un bono universal de Bs 5.000. Registro sintético generado para entrenamiento; representa un ejemplo ficticio de desinformación.,SYNTHETIC,https://synthetic.example/fake/041,https://synthetic.example/fake/041,2026-01-20,Bolivia,es,FAKE,SYNTHETIC,https://synthetic.example/fake/041,Registro sintético generado para entrenamiento; representa un ejemplo ficticio de desinformación.,b724f26978a53a2e8266daa673151202d6e9807cb8751b1cafa20503be87374c,SYN-FAKE-009,SYN-FAKE-009,v1.0,verified,active,resolved,es falso que el gobierno entregara un bono universal de bs 5 000,Es falso que el Gobierno entregará un bono universal de Bs 5.000. Registro sintético generado para entrenamiento; representa un ejemplo ficticio de desinformación.,politica,23,163,7,Gobierno;entregará;bono;universal;000;politica;SYNTHETIC
BO-F-SYN-042,Es falso que Unitel publicó una encuesta electoral con esos resultados,Es falso que Unitel publicó una encuesta electoral con esos resultados. Registro sintético generado para entrenamiento; representa un ejemplo ficticio de desinformación.,SYNTHETIC,https://synthetic.example/fake/042,https://synthetic.example/fake/042,2026-01-20,Bolivia,es,FAKE,SYNTHETIC,https://synthetic.example/fake/042,Registro sintético generado para entrenamiento; representa un ejemplo ficticio de desinformación.,7e87d1373286d7edfc2c39d7705e6da92ccf98673d513660b0b66e7933aadd81,SYN-FAKE-009,SYN-FAKE-009,v1.0,verified,active,resolved,es falso que unitel publico una encuesta electoral con esos resultados,Es falso que Unitel publicó una encuesta electoral con esos resultados. Registro sintético generado para entrenamiento; representa un ejemplo ficticio de desinformación.,sociedad,22,169,7,Unitel;publicó;encuesta;electoral;esos;resultados;sociedad;SYNTHETIC
BO-F-SYN-043,Es falso que YPFB anunció cierre definitivo de estaciones de servicio,Es falso que YPFB anunció cierre definitivo de estaciones de servicio. Registro sintético generado para entrenamiento; representa un ejemplo ficticio de desinformación.,SYNTHETIC,https://synthetic.example/fake/043,https://synthetic.example/fake/043,2026-01-20,Bolivia,es,FAKE,SYNTHETIC,https://synthetic.example/fake/043,Registro sintético generado para entrenamiento; representa un ejemplo ficticio de desinformación.,7f44b5bff77b5aa2ae36223043dde96a2ea11e0d8671e17bd6d76eb54dbbad85,SYN-FAKE-009,SYN-FAKE-009,v1.0,verified,active,resolved,es falso que ypfb anuncio cierre definitivo de estaciones de servicio,Es falso que YPFB anunció cierre definitivo de estaciones de servicio. Registro sintético generado para entrenamiento; representa un ejemplo ficticio de desinformación.,sociedad,22,168,7,YPFB;anunció;cierre;definitivo;estaciones;servicio;sociedad;SYNTHETIC
BO-F-SYN-044,Es falso que el Tribunal Supremo Electoral suspendió las elecciones municipales,Es falso que el Tribunal Supremo Electoral suspendió las elecciones municipales. Registro sintético generado para entrenamiento; representa un ejemplo ficticio de desinformación.,SYNTHETIC,https://synthetic.example/fake/044,https://synthetic.example/fake/044,2026-01-20,Bolivia,es,FAKE,SYNTHETIC,https://synthetic.example/fake/044,Registro sintético generado para entrenamiento; representa un ejemplo ficticio de desinformación.,3dc8e587c3193550a778599a6b13be66be0f03db9a5da3ea94fdc807586d775e,SYN-FAKE-009,SYN-FAKE-009,v1.0,verified,active,resolved,es falso que el tribunal supremo electoral suspendio las elecciones municipales,Es falso que el Tribunal Supremo Electoral suspendió las elecciones municipales. Registro sintético generado para entrenamiento; representa un ejemplo ficticio de desinformación.,politica,22,178,7,Tribunal;Supremo;Electoral;suspendió;elecciones;municipales;politica;SYNTHETIC
BO-F-SYN-045,Es falso que una imagen muestra combustible regalado en Santa Cruz,Es falso que una imagen muestra combustible regalado en Santa Cruz. Registro sintético generado para entrenamiento; representa un ejemplo ficticio de desinformación.,SYNTHETIC,https://synthetic.example/fake/045,https://synthetic.example/fake/045,2026-01-20,Bolivia,es,FAKE,SYNTHETIC,https://synthetic.example/fake/045,Registro sintético generado para entrenamiento; representa un ejemplo ficticio de desinformación.,66e0d641ea82147d6ce5e5b74aa4b55562c6086e0bf0c6070b1769884db9e138,SYN-FAKE-009,SYN-FAKE-009,v1.0,verified,active,resolved,es falso que una imagen muestra combustible regalado en santa cruz,Es falso que una imagen muestra combustible regalado en Santa Cruz. Registro sintético generado para entrenamiento; representa un ejemplo ficticio de desinformación.,economia,22,165,7,imagen;muestra;combustible;regalado;Santa;Cruz;economia;SYNTHETIC
BO-F-SYN-046,Es falso que el Gobierno entregará un bono universal de Bs 5.000,Es falso que el Gobierno entregará un bono universal de Bs 5.000. Registro sintético generado para entrenamiento; representa un ejemplo ficticio de desinformación.,SYNTHETIC,https://synthetic.example/fake/046,https://synthetic.example/fake/046,2026-01-20,Bolivia,es,FAKE,SYNTHETIC,https://synthetic.example/fake/046,Registro sintético generado para entrenamiento; representa un ejemplo ficticio de desinformación.,b724f26978a53a2e8266daa673151202d6e9807cb8751b1cafa20503be87374c,SYN-FAKE-010,SYN-FAKE-010,v1.0,verified,active,resolved,es falso que el gobierno entregara un bono universal de bs 5 000,Es falso que el Gobierno entregará un bono universal de Bs 5.000. Registro sintético generado para entrenamiento; representa un ejemplo ficticio de desinformación.,politica,23,163,7,Gobierno;entregará;bono;universal;000;politica;SYNTHETIC
BO-F-SYN-047,Es falso que Unitel publicó una encuesta electoral con esos resultados,Es falso que Unitel publicó una encuesta electoral con esos resultados. Registro sintético generado para entrenamiento; representa un ejemplo ficticio de desinformación.,SYNTHETIC,https://synthetic.example/fake/047,https://synthetic.example/fake/047,2026-01-20,Bolivia,es,FAKE,SYNTHETIC,https://synthetic.example/fake/047,Registro sintético generado para entrenamiento; representa un ejemplo ficticio de desinformación.,7e87d1373286d7edfc2c39d7705e6da92ccf98673d513660b0b66e7933aadd81,SYN-FAKE-010,SYN-FAKE-010,v1.0,verified,active,resolved,es falso que unitel publico una encuesta electoral con esos resultados,Es falso que Unitel publicó una encuesta electoral con esos resultados. Registro sintético generado para entrenamiento; representa un ejemplo ficticio de desinformación.,sociedad,22,169,7,Unitel;publicó;encuesta;electoral;esos;resultados;sociedad;SYNTHETIC
BO-F-SYN-048,Es falso que YPFB anunció cierre definitivo de estaciones de servicio,Es falso que YPFB anunció cierre definitivo de estaciones de servicio. Registro sintético generado para entrenamiento; representa un ejemplo ficticio de desinformación.,SYNTHETIC,https://synthetic.example/fake/048,https://synthetic.example/fake/048,2026-01-20,Bolivia,es,FAKE,SYNTHETIC,https://synthetic.example/fake/048,Registro sintético generado para entrenamiento; representa un ejemplo ficticio de desinformación.,7f44b5bff77b5aa2ae36223043dde96a2ea11e0d8671e17bd6d76eb54dbbad85,SYN-FAKE-010,SYN-FAKE-010,v1.0,verified,active,resolved,es falso que ypfb anuncio cierre definitivo de estaciones de servicio,Es falso que YPFB anunció cierre definitivo de estaciones de servicio. Registro sintético generado para entrenamiento; representa un ejemplo ficticio de desinformación.,sociedad,22,168,7,YPFB;anunció;cierre;definitivo;estaciones;servicio;sociedad;SYNTHETIC
BO-F-SYN-049,Es falso que el Tribunal Supremo Electoral suspendió las elecciones municipales,Es falso que el Tribunal Supremo Electoral suspendió las elecciones municipales. Registro sintético generado para entrenamiento; representa un ejemplo ficticio de desinformación.,SYNTHETIC,https://synthetic.example/fake/049,https://synthetic.example/fake/049,2026-01-20,Bolivia,es,FAKE,SYNTHETIC,https://synthetic.example/fake/049,Registro sintético generado para entrenamiento; representa un ejemplo ficticio de desinformación.,3dc8e587c3193550a778599a6b13be66be0f03db9a5da3ea94fdc807586d775e,SYN-FAKE-010,SYN-FAKE-010,v1.0,verified,active,resolved,es falso que el tribunal supremo electoral suspendio las elecciones municipales,Es falso que el Tribunal Supremo Electoral suspendió las elecciones municipales. Registro sintético generado para entrenamiento; representa un ejemplo ficticio de desinformación.,politica,22,178,7,Tribunal;Supremo;Electoral;suspendió;elecciones;municipales;politica;SYNTHETIC
